datetime,temperature,humidity,wind_speed,PM2.5,PM10,O3,NO2,SO2,CO
2026-03-01 23:00:00,8.7,75,0.3,41.26,63.0,77.02,37.0,2.0,0.4573333333333333
2026-03-02 00:00:00,8.2,77,3.8,43.60666666666666,64.45333333333333,75.04666666666667,38.0,2.0,0.47333333333333333
2026-03-02 01:00:00,7.8,79,6.9,44.633333333333326,66.45333333333333,73.58666666666667,39.0,2.0,0.5466666666666666
2026-03-02 02:00:00,7.5,81,6.0,45.65999999999999,68.38666666666667,72.12666666666668,40.0,2.0,0.5753333333333333
2026-03-02 03:00:00,7.3,82,3.5,46.65999999999999,69.47333333333334,71.12666666666668,41.0,2.0,0.6286666666666666
2026-03-02 04:00:00,7.4,81,2.7,46.319999999999986,69.61333333333334,71.34000000000002,40.72,2.0,0.6053333333333333
2026-03-02 05:00:00,7.8,79,3.9,45.33333333333332,67.33333333333334,74.29333333333335,40.08,2.0,0.5053333333333333
2026-03-02 06:00:00,8.5,76,0.8,42.33333333333332,62.933333333333344,77.61333333333334,37.78666666666666,2.0,0.4179999999999999
2026-03-02 07:00:00,9.6,71,0.4,38.52666666666666,58.54000000000001,83.24000000000001,33.379999999999995,2.0,0.3306666666666666
2026-03-02 08:00:00,11.0,65,1.3,34.71999999999999,51.54000000000001,88.86666666666667,29.026666666666664,2.0,0.24533333333333332
2026-03-02 09:00:00,12.5,59,2.0,30.913333333333327,44.54000000000001,94.48,24.93333333333333,2.0,0.176
2026-03-02 10:00:00,14.0,53,2.4,27.106666666666662,37.58000000000001,100.08666666666667,20.81333333333333,2.0,0.10733333333333332
2026-03-02 11:00:00,15.2,48,3.0,25.983333333333334,39.483333333333334,91.45,24.483333333333334,2.0,0.3
2026-03-02 12:00:00,16.0,45,4.6,23.7,35.7,95.17666666666668,22.303333333333335,2.0,0.25
2026-03-02 13:00:00,16.4,43,6.7,22.706666666666667,33.513513513513516,98.50333333333334,21.303333333333335,2.0,0.25
2026-03-02 14:00:00,16.5,43,7.2,22.333333333333332,33.42018018018018,98.67000000000002,20.663333333333334,2.0,0.22066666666666665
2026-03-02 15:00:00,16.2,44,7.0,23.386666666666667,35.34684684684685,97.21000000000002,21.663333333333334,2.0,0.24533333333333332
2026-03-02 16:00:00,15.6,47,5.7,26.226666666666667,37.34684684684685,92.65000000000002,22.7,2.0,0.25
2026-03-02 17:00:00,14.5,52,6.6,30.5,42.88684684684685,87.01000000000002,27.08,2.0,0.2586666666666667
2026-03-02 18:00:00,13.0,59,2.3,36.07333333333333,50.20684684684685,79.36333333333336,33.28666666666666,2.0,0.2773333333333334
2026-03-02 19:00:00,11.4,66,4.7,41.846666666666664,57.50018018018018,72.69000000000003,39.28666666666666,2.0,0.29600000000000004
2026-03-02 20:00:00,10.0,72,8.6,45.55333333333333,62.43351351351352,67.72333333333336,43.03333333333333,2.0,0.30533333333333335
2026-03-02 21:00:00,9.0,77,10.9,47.98,65.90018018018019,65.73000000000002,45.45333333333333,2.0,0.3226666666666667
2026-03-02 22:00:00,8.3,80,12.3,50.406666666666666,69.36684684684685,63.736666666666686,47.873333333333335,2.0,0.32866666666666666
2026-03-02 23:00:00,7.9,82,11.7,41.026666666666664,63.0,78.54,38.0,2.0,0.45866666666666667
2026-03-03 00:00:00,7.6,84,12.0,42.05333333333333,64.29333333333334,77.08000000000001,39.0,2.0,0.4766666666666667
2026-03-03 01:00:00,7.4,85,10.5,43.05333333333333,65.38666666666667,76.08000000000001,40.0,2.0,0.5306666666666667
2026-03-03 02:00:00,7.2,86,8.2,44.05333333333333,66.38666666666667,75.08000000000001,41.0,2.0,0.5413333333333333
2026-03-03 03:00:00,7.1,87,8.0,45.03999999999999,66.59333333333333,74.08000000000001,40.96666666666667,2.0,0.594
2026-03-03 04:00:00,7.3,86,8.3,44.05333333333333,66.56666666666666,74.38666666666668,40.32666666666667,2.0,0.494
2026-03-03 05:00:00,7.8,84,3.9,41.05333333333333,64.24666666666667,77.32666666666668,37.973333333333336,2.0,0.4046666666666667
2026-03-03 06:00:00,8.8,80,6.6,37.71999999999999,59.800000000000004,81.57333333333335,34.873333333333335,2.0,0.31733333333333336
2026-03-03 07:00:00,10.2,74,4.3,33.91333333333333,52.800000000000004,87.20000000000002,30.493333333333336,2.0,0.23200000000000007
2026-03-03 08:00:00,11.8,67,4.0,30.106666666666662,45.800000000000004,92.80000000000001,26.1,2.0,0.14666666666666675
2026-03-03 09:00:00,13.4,60,2.4,26.299999999999997,38.84,98.41333333333334,22.006666666666668,2.0,0.06133333333333341
2026-03-03 10:00:00,14.8,54,3.5,22.493333333333332,31.973333333333336,104.02000000000001,17.880000000000003,2.0,0.0046666666666667495
2026-03-03 11:00:00,15.9,49,5.8,25.983333333333334,39.483333333333334,91.45,24.483333333333334,2.0,0.3
2026-03-03 12:00:00,16.6,46,5.7,23.7,35.7,95.15,22.236666666666668,2.0,0.25
2026-03-03 13:00:00,16.9,45,3.0,22.706666666666667,33.513513513513516,98.42333333333335,21.236666666666668,2.0,0.25
2026-03-03 14:00:00,17.0,44,4.8,22.333333333333332,33.42018018018018,98.59000000000002,20.596666666666668,2.0,0.22066666666666665
2026-03-03 15:00:00,16.7,46,10.3,23.386666666666667,35.34684684684685,97.13000000000002,21.596666666666668,2.0,0.246
2026-03-03 16:00:00,16.0,49,10.5,26.386666666666667,39.34684684684685,92.75666666666669,24.596666666666668,2.0,0.25
2026-03-03 17:00:00,14.8,55,4.0,30.706666666666667,44.97351351351352,87.1566666666667,29.05666666666667,2.0,0.2586666666666667
2026-03-03 18:00:00,13.2,62,6.9,36.26,52.260180180180186,79.49000000000002,35.223333333333336,2.0,0.2773333333333334
2026-03-03 19:00:00,11.5,70,9.3,42.03333333333333,59.55351351351352,72.81666666666669,41.223333333333336,2.0,0.29600000000000004
2026-03-03 20:00:00,10.1,76,5.9,45.739999999999995,64.62018018018018,68.24333333333335,44.970000000000006,2.0,0.30533333333333335
2026-03-03 21:00:00,9.1,80,1.2,48.18666666666666,68.08684684684685,66.24333333333335,47.39000000000001,2.0,0.32200000000000006
2026-03-03 22:00:00,8.4,83,1.3,50.633333333333326,71.55351351351352,64.24333333333335,49.81000000000001,2.0,0.32733333333333337
2026-03-03 23:00:00,8.0,85,4.6,43.026666666666664,65.0,78.54,38.0,2.0,0.4573333333333333
2026-03-04 00:00:00,7.7,87,7.4,44.05333333333333,66.29333333333334,77.08000000000001,39.0,2.0,0.474
2026-03-04 01:00:00,7.5,88,3.7,45.05333333333333,67.38666666666667,76.08000000000001,40.0,2.0,0.5266666666666666
2026-03-04 02:00:00,7.3,89,6.2,46.05333333333333,68.38666666666667,75.08000000000001,41.0,2.0,0.5373333333333332
2026-03-04 03:00:00,7.2,90,9.0,47.03999999999999,68.59333333333333,74.08000000000001,40.96666666666667,2.0,0.5906666666666667
2026-03-04 04:00:00,7.4,89,8.5,46.05333333333333,68.56666666666666,74.38666666666668,40.32666666666667,2.0,0.49066666666666664
2026-03-04 05:00:00,8.0,86,8.1,43.05333333333333,66.24666666666667,77.38000000000002,37.973333333333336,2.0,0.4033333333333333
2026-03-04 06:00:00,9.1,82,9.1,39.24666666666666,61.75333333333334,83.00666666666669,33.63333333333334,2.0,0.316
2026-03-04 07:00:00,10.7,75,9.7,35.44,54.75333333333334,88.60666666666668,29.27333333333334,2.0,0.2306666666666667
2026-03-04 08:00:00,12.3,68,8.6,31.633333333333333,47.75333333333334,94.21333333333335,24.880000000000006,2.0,0.14933333333333337
2026-03-04 09:00:00,13.9,61,10.7,27.826666666666668,40.79333333333334,99.83333333333336,20.786666666666672,2.0,0.06800000000000005
2026-03-04 10:00:00,15.3,55,9.8,24.020000000000003,33.88666666666667,105.44666666666669,16.660000000000004,2.0,0.01933333333333338
2026-03-04 11:00:00,16.4,50,10.6,25.983333333333334,39.483333333333334,91.45,24.483333333333334,2.0,0.3
2026-03-04 12:00:00,17.1,47,9.0,23.7,35.7,95.12333333333333,22.21666666666667,2.0,0.25
2026-03-04 13:00:00,17.4,46,6.9,22.706666666666667,33.513513513513516,98.39666666666668,21.21666666666667,2.0,0.25
2026-03-04 14:00:00,17.5,45,9.6,22.333333333333332,33.42018018018018,98.56333333333335,20.576666666666668,2.0,0.22133333333333335
2026-03-04 15:00:00,17.2,47,9.4,23.386666666666667,35.34684684684685,97.10333333333335,21.576666666666668,2.0,0.2446666666666667
2026-03-04 16:00:00,16.4,50,7.1,26.386666666666667,39.34684684684685,92.73000000000002,24.576666666666668,2.0,0.25
2026-03-04 17:00:00,15.1,56,5.7,30.72,44.97351351351352,87.13000000000002,29.03666666666667,2.0,0.2586666666666667
2026-03-04 18:00:00,13.4,64,5.9,36.266666666666666,52.260180180180186,79.46333333333335,35.20333333333333,2.0,0.2773333333333334
2026-03-04 19:00:00,11.7,72,6.1,42.03333333333333,59.653513513513516,72.79000000000002,41.20333333333333,2.0,0.29600000000000004
2026-03-04 20:00:00,10.2,78,8.3,46.36,65.56018018018018,67.63666666666668,45.63,2.0,0.30866666666666676
2026-03-04 21:00:00,9.2,82,7.8,48.806666666666665,69.02684684684685,65.64333333333335,48.050000000000004,2.0,0.3253333333333334
2026-03-04 22:00:00,8.5,85,6.6,51.25333333333333,72.49351351351352,63.643333333333345,50.470000000000006,2.0,0.3306666666666667
2026-03-04 23:00:00,8.1,87,5.6,44.026666666666664,66.0,77.54,38.0,2.0,0.45666666666666667
2026-03-05 00:00:00,7.8,89,4.1,45.05333333333333,67.29333333333334,76.08000000000001,39.0,2.0,0.472
2026-03-05 01:00:00,7.6,90,6.4,46.05333333333333,68.32000000000001,75.08000000000001,40.0,2.0,0.526
2026-03-05 02:00:00,7.4,91,6.3,47.05333333333333,69.32000000000001,74.08000000000001,41.0,2.0,0.5366666666666666
2026-03-05 03:00:00,7.3,92,5.9,48.03999999999999,69.52666666666667,73.08000000000001,40.96666666666667,2.0,0.5813333333333333
2026-03-05 04:00:00,7.5,91,5.7,47.04666666666666,69.5,73.44000000000001,40.32666666666667,2.0,0.4813333333333333
2026-03-05 05:00:00,8.1,88,5.5,44.04666666666666,67.18,76.43333333333335,37.973333333333336,2.0,0.39399999999999996
2026-03-05 06:00:00,9.3,83,5.7,40.239999999999995,62.686666666666675,82.06666666666669,33.63333333333334,2.0,0.31066666666666665
2026-03-05 07:00:00,10.9,76,5.2,36.43333333333333,55.686666666666675,87.67333333333336,29.266666666666673,2.0,0.2293333333333333
2026-03-05 08:00:00,12.5,69,6.4,32.626666666666665,48.686666666666675,93.2666666666667,24.87333333333334,2.0,0.148
2026-03-05 09:00:00,14.1,62,6.1,28.626666666666665,41.726666666666674,99.2666666666667,20.440000000000005,2.0,0.06666666666666667
2026-03-05 10:00:00,15.5,56,5.4,24.82,34.84666666666667,104.86666666666669,16.31333333333334,2.0,0.018000000000000006
2026-03-05 11:00:00,16.6,51,5.5,25.983333333333334,39.483333333333334,91.45,24.483333333333334,2.0,0.3
2026-03-05 12:00:00,17.3,48,5.1,23.7,35.7,95.13000000000001,22.27,2.0,0.25
2026-03-05 13:00:00,17.6,47,3.9,22.706666666666667,33.513513513513516,98.42333333333335,21.27,2.0,0.25
2026-03-05 14:00:00,17.7,46,3.8,22.333333333333332,33.413513513513514,98.59000000000002,20.63,2.0,0.21866666666666665
2026-03-05 15:00:00,17.4,48,2.4,23.386666666666667,35.340180180180184,97.13000000000002,21.63,2.0,0.242
2026-03-05 16:00:00,16.6,51,2.9,26.386666666666667,39.340180180180184,92.58333333333336,24.63,2.0,0.25
2026-03-05 17:00:00,15.3,57,3.4,30.72,44.96684684684685,86.98333333333336,29.09,2.0,0.2586666666666667
2026-03-05 18:00:00,13.6,65,5.5,36.239999999999995,52.25351351351352,79.29000000000003,35.20333333333333,2.0,0.2773333333333334
2026-03-05 19:00:00,11.9,73,8.1,41.993333333333325,60.06684684684685,72.6166666666667,41.20333333333333,2.0,0.29600000000000004
2026-03-05 20:00:00,10.4,79,1.7,46.32666666666666,65.97351351351352,67.5566666666667,45.63,2.0,0.30866666666666676
2026-03-05 21:00:00,9.3,83,3.0,48.75999999999999,69.44018018018019,65.5566666666667,48.050000000000004,2.0,0.32400000000000007
2026-03-05 22:00:00,8.6,86,2.6,51.19333333333332,72.90684684684686,63.5566666666667,50.470000000000006,2.0,0.3286666666666667
2026-03-05 23:00:00,8.2,88,1.4,46.026666666666664,67.0,76.54,38.0,2.0,0.4706666666666667
2026-03-06 00:00:00,7.9,90,2.2,47.026666666666664,68.29333333333334,75.54,39.0,2.0,0.4866666666666667
2026-03-06 01:00:00,7.7,91,1.5,48.026666666666664,69.36,74.54,40.0,2.0,0.5406666666666667
2026-03-06 02:00:00,7.5,92,1.2,49.026666666666664,70.36,73.54,41.0,2.0,0.5426666666666667
2026-03-06 03:00:00,7.4,93,0.4,49.98,70.58,72.54,41.06666666666667,2.0,0.5953333333333334
2026-03-06 04:00:00,7.6,92,0.8,48.986666666666665,70.5,72.98666666666668,40.42666666666667,2.0,0.49533333333333335
2026-03-06 05:00:00,8.2,89,0.8,45.986666666666665,68.10666666666667,75.97333333333334,38.07333333333334,2.0,0.40800000000000003
2026-03-06 06:00:00,9.4,84,0.4,42.18,63.61333333333334,81.59333333333335,33.70666666666667,2.0,0.32466666666666677
2026-03-06 07:00:00,11.0,77,2.1,38.373333333333335,56.61333333333334,87.18666666666668,29.340000000000003,2.0,0.24333333333333343
2026-03-06 08:00:00,12.6,70,2.5,34.373333333333335,49.61333333333334,93.18666666666668,24.56666666666667,2.0,0.16200000000000012
2026-03-06 09:00:00,14.2,63,4.1,30.373333333333335,41.60666666666667,100.08666666666669,19.98666666666667,2.0,0.08066666666666679
2026-03-06 10:00:00,15.6,57,5.6,26.373333333333335,34.72666666666667,106.08666666666669,15.52666666666667,2.0,0.03200000000000012
2026-03-06 11:00:00,16.7,52,8.6,25.983333333333334,39.483333333333334,91.45,24.483333333333334,2.0,0.3
2026-03-06 12:00:00,17.4,49,8.9,23.7,35.7,95.13000000000001,22.27,2.0,0.25
2026-03-06 13:00:00,17.7,48,9.3,22.706666666666667,33.513513513513516,98.42333333333335,21.27,2.0,0.25
2026-03-06 14:00:00,17.8,47,9.8,22.333333333333332,33.413513513513514,98.59000000000002,20.63,2.0,0.21533333333333335
2026-03-06 15:00:00,17.5,49,8.7,23.386666666666667,35.340180180180184,97.13000000000002,21.63,2.0933333333333333,0.24933333333333335
2026-03-06 16:00:00,16.7,52,7.1,26.386666666666667,39.340180180180184,92.58333333333336,24.63,2.0933333333333333,0.33666666666666667
2026-03-06 17:00:00,15.3,57,4.1,31.566666666666666,45.92684684684685,86.35000000000002,29.99,2.0933333333333333,0.3526666666666667
2026-03-06 18:00:00,13.6,65,1.2,37.093333333333334,53.21351351351352,78.6566666666667,36.10333333333333,2.0933333333333333,0.37133333333333335
2026-03-06 19:00:00,11.9,73,5.8,42.846666666666664,61.02684684684685,71.98333333333336,42.10333333333333,2.0933333333333333,0.39000000000000007
2026-03-06 20:00:00,10.4,79,2.8,47.18,66.93351351351352,66.96333333333337,46.53,2.0933333333333333,0.4020000000000001
2026-03-06 21:00:00,9.3,83,3.3,49.626666666666665,70.40018018018019,64.96333333333337,48.95,2.0933333333333333,0.4173333333333334
2026-03-06 22:00:00,8.6,86,3.5,52.07333333333333,73.86684684684685,62.96333333333337,51.370000000000005,2.0933333333333333,0.4213333333333334
2026-03-06 23:00:00,8.2,88,4.2,47.026666666666664,67.0,76.54,38.0,2.0,0.47
2026-03-07 00:00:00,7.9,90,4.7,48.026666666666664,68.29333333333334,75.54,39.0,2.0,0.486
2026-03-07 01:00:00,7.7,91,5.6,49.026666666666664,69.36,74.54,40.0,2.0,0.54
2026-03-07 02:00:00,7.5,92,3.4,50.026666666666664,70.36,73.54,41.0,2.0,0.542
2026-03-07 03:00:00,7.4,93,2.8,50.87333333333333,70.58,72.54,41.07333333333333,2.0,0.5946666666666667
2026-03-07 04:00:00,7.6,92,1.4,49.879999999999995,70.5,73.00666666666667,40.43333333333333,2.0,0.49466666666666664
2026-03-07 05:00:00,8.2,89,1.7,46.879999999999995,68.09333333333333,75.95333333333335,38.059999999999995,2.0,0.4073333333333333
2026-03-07 06:00:00,9.4,84,3.1,43.07333333333333,63.593333333333334,81.56666666666668,33.65333333333333,2.0,0.324
2026-03-07 07:00:00,11.0,77,3.1,39.266666666666666,56.593333333333334,87.16000000000001,29.28666666666666,2.0,0.2426666666666667
2026-03-07 08:00:00,12.6,70,2.6,35.266666666666666,49.593333333333334,93.16000000000001,24.51333333333333,2.0,0.16133333333333338
2026-03-07 09:00:00,14.2,63,3.0,31.266666666666666,41.586666666666666,100.06000000000002,19.93333333333333,2.0,0.08000000000000004
2026-03-07 10:00:00,15.6,57,3.1,27.266666666666666,34.70666666666666,106.06000000000002,15.479999999999997,2.0,0.03133333333333338
2026-03-07 11:00:00,16.7,52,3.8,25.983333333333334,39.483333333333334,91.45,24.483333333333334,2.0,0.3
2026-03-07 12:00:00,17.4,49,5.7,23.7,35.7,95.13000000000001,22.27,2.0,0.25
2026-03-07 13:00:00,17.7,48,12.6,22.706666666666667,33.513513513513516,98.42333333333335,21.27,2.0,0.25
2026-03-07 14:00:00,17.8,47,16.8,22.333333333333332,33.413513513513514,98.59000000000002,20.63,2.0,0.21533333333333335
2026-03-07 15:00:00,17.5,49,16.2,23.386666666666667,35.340180180180184,97.13000000000002,21.63,2.0933333333333333,0.24933333333333335
2026-03-07 16:00:00,16.7,52,14.9,26.386666666666667,39.340180180180184,92.58333333333336,24.63,2.0933333333333333,0.33666666666666667
2026-03-07 17:00:00,15.4,58,13.0,30.72,44.96684684684685,86.98333333333336,29.09,2.0933333333333333,0.346
2026-03-07 18:00:00,13.7,66,11.0,36.24666666666666,52.25351351351352,79.29000000000003,35.20333333333333,2.0933333333333333,0.3646666666666667
2026-03-07 19:00:00,12.0,74,10.1,41.99999999999999,60.06684684684685,72.6166666666667,41.20333333333333,2.0933333333333333,0.38333333333333336
2026-03-07 20:00:00,10.5,80,12.9,46.33333333333333,65.97351351351352,67.5966666666667,45.63,2.0933333333333333,0.39533333333333337
2026-03-07 21:00:00,9.4,84,10.4,48.779999999999994,69.44018018018019,65.5966666666667,48.050000000000004,2.0933333333333333,0.4106666666666667
2026-03-07 22:00:00,8.7,87,7.0,50.846666666666664,72.56684684684686,63.59666666666671,50.14333333333334,2.0933333333333333,0.4146666666666667
2026-03-07 23:00:00,8.3,89,7.4,48.026666666666664,68.0,75.54,38.0,2.0,0.472
2026-03-08 00:00:00,8.0,91,8.0,49.026666666666664,69.24,74.54,39.0,2.0,0.488
2026-03-08 01:00:00,7.8,92,6.0,50.026666666666664,70.30666666666666,73.54,40.0,2.0,0.534
2026-03-08 02:00:00,7.6,93,3.2,50.97333333333333,71.30666666666666,72.54,41.0,2.0,0.544
2026-03-08 03:00:00,7.5,94,2.6,51.82666666666666,71.48666666666666,71.54,41.06,2.0,0.5966666666666667
2026-03-08 04:00:00,7.7,93,1.0,50.83333333333333,71.42,72.07333333333334,40.52,2.0,0.49666666666666665
2026-03-08 05:00:00,8.3,90,0.6,47.83333333333333,68.92,75.00666666666667,38.14,2.0,0.41333333333333333
2026-03-08 06:00:00,9.5,85,1.5,44.026666666666664,64.42,80.60666666666667,33.78,2.0,0.33
2026-03-08 07:00:00,11.1,78,2.6,40.026666666666664,57.42,86.60666666666667,29.060000000000002,2.0,0.24866666666666667
2026-03-08 08:00:00,12.7,71,4.4,36.026666666666664,49.24666666666667,93.50666666666667,24.28666666666667,2.0,0.16733333333333336
2026-03-08 09:00:00,14.3,64,4.2,32.026666666666664,41.24,100.40666666666668,19.513333333333335,2.0,0.08600000000000005
2026-03-08 10:00:00,15.7,58,6.3,28.026666666666664,33.233333333333334,107.38000000000001,15.060000000000002,2.0,0.024000000000000042
2026-03-08 11:00:00,16.8,53,5.9,25.983333333333334,39.483333333333334,91.45,24.483333333333334,2.0,0.3
2026-03-08 12:00:00,17.5,50,5.0,23.7,35.7,95.13000000000001,22.27,2.0,0.25
2026-03-08 13:00:00,17.8,49,3.9,22.706666666666667,33.513513513513516,98.38333333333334,21.27,2.0,0.25
2026-03-08 14:00:00,17.9,48,0.9,22.333333333333332,33.413513513513514,98.55000000000001,20.63,2.046666666666667,0.22333333333333336
2026-03-08 15:00:00,17.6,50,1.9,23.38,35.340180180180184,97.09000000000002,21.63,2.14,0.25733333333333336
2026-03-08 16:00:00,16.8,53,1.4,26.38,39.340180180180184,92.54333333333335,24.63,2.2333333333333334,0.3553333333333334
2026-03-08 17:00:00,15.5,59,4.0,30.71333333333333,44.96684684684685,86.86333333333334,29.09,2.2333333333333334,0.3646666666666667
2026-03-08 18:00:00,13.8,67,3.8,36.25333333333333,52.25351351351352,79.17000000000002,35.20333333333333,2.2333333333333334,0.38333333333333336
2026-03-08 19:00:00,12.1,75,15.9,41.99333333333333,60.06684684684685,72.49666666666668,41.20333333333333,2.2333333333333334,0.4020000000000001
2026-03-08 20:00:00,10.6,81,15.8,46.32666666666667,65.97351351351352,67.47666666666669,45.63,2.2333333333333334,0.41400000000000003
2026-03-08 21:00:00,9.5,85,17.4,48.77333333333333,69.44018018018019,65.47666666666669,48.050000000000004,2.2333333333333334,0.42933333333333334
2026-03-08 22:00:00,8.8,88,16.8,50.81333333333333,72.4801801801802,63.483333333333356,50.123333333333335,2.2333333333333334,0.4326666666666667
2026-03-08 23:00:00,8.4,90,12.0,49.026666666666664,69.0,74.54,38.0,2.0,0.47533333333333333
2026-03-09 00:00:00,8.1,92,7.3,50.026666666666664,70.28,73.54,39.0,2.0,0.49
2026-03-09 01:00:00,7.9,93,5.9,50.99333333333333,71.34666666666666,72.54,40.0,2.0,0.5366666666666666
2026-03-09 02:00:00,7.7,94,5.6,51.89333333333333,72.30666666666666,71.54,40.986666666666665,2.0,0.5466666666666666
2026-03-09 03:00:00,7.6,95,2.9,52.79333333333333,72.48666666666666,70.54,41.04666666666667,2.0,0.5993333333333333
2026-03-09 04:00:00,7.8,94,2.9,51.8,72.42,71.07333333333334,40.513333333333335,2.0,0.49933333333333324
2026-03-09 05:00:00,8.4,91,2.4,48.8,69.92,74.00666666666667,38.13333333333333,2.0,0.4159999999999999
2026-03-09 06:00:00,9.6,86,2.3,44.8,65.38666666666667,80.00666666666667,33.413333333333334,2.0,0.3326666666666666
2026-03-09 07:00:00,11.2,79,2.3,40.8,57.28666666666667,86.80666666666667,28.513333333333335,1.9866666666666666,0.2513333333333333
2026-03-09 08:00:00,12.8,72,2.9,36.8,49.11333333333334,93.70666666666668,23.553333333333335,1.9733333333333332,0.17
2026-03-09 09:00:00,14.4,65,0.4,32.8,41.10666666666667,100.60666666666668,18.773333333333333,1.9733333333333332,0.08866666666666667
2026-03-09 10:00:00,15.8,59,3.2,28.799999999999997,33.1,107.58666666666669,14.333333333333332,1.9733333333333332,0.026666666666666672
2026-03-09 11:00:00,16.9,54,5.6,25.983333333333334,39.483333333333334,91.45,24.483333333333334,1.9733333333333332,0.3
2026-03-09 12:00:00,17.6,51,6.3,23.7,35.7,95.09,22.27,1.9733333333333332,0.25
2026-03-09 13:00:00,17.9,50,8.3,22.706666666666667,33.513513513513516,98.34333333333333,21.27,2.02,0.25
2026-03-09 14:00:00,18.0,49,12.2,22.333333333333332,33.38018018018018,98.51,20.63,2.066666666666667,0.22266666666666665
2026-03-09 15:00:00,17.7,51,12.8,23.36,35.30684684684685,97.51,21.63,2.16,0.258
2026-03-09 16:00:00,16.9,54,13.2,26.36,39.30684684684685,92.96333333333334,24.63,2.2533333333333334,0.356
2026-03-09 17:00:00,15.6,60,11.7,30.69333333333333,44.93351351351352,87.28333333333333,29.09,2.2533333333333334,0.3653333333333333
2026-03-09 18:00:00,13.9,68,8.4,36.25333333333333,52.300180180180185,79.61,35.236666666666665,2.2533333333333334,0.384
2026-03-09 19:00:00,12.2,76,7.6,41.99333333333333,60.11351351351352,73.01666666666667,41.236666666666665,2.2533333333333334,0.4026666666666667
2026-03-09 20:00:00,10.7,82,6.9,46.32666666666667,66.02018018018018,67.99666666666667,45.663333333333334,2.2533333333333334,0.4146666666666667
2026-03-09 21:00:00,9.6,86,6.5,48.74666666666667,69.48684684684684,65.99666666666667,48.083333333333336,2.2533333333333334,0.43
2026-03-09 22:00:00,8.9,89,8.0,50.72666666666667,72.52684684684685,64.00333333333333,50.156666666666666,2.2533333333333334,0.4346666666666667
2026-03-09 23:00:00,8.5,91,8.8,50.026666666666664,70.0,73.54,38.0,2.0,0.474
2026-03-10 00:00:00,8.2,93,10.1,50.98,71.28,72.54,39.0,2.0,0.484
2026-03-10 01:00:00,8.0,94,10.4,51.839999999999996,72.3,71.54,39.986666666666665,2.0,0.5306666666666666
2026-03-10 02:00:00,7.8,95,8.1,52.699999999999996,73.25999999999999,70.54,40.97333333333333,2.0,0.5406666666666666
2026-03-10 03:00:00,7.7,96,6.4,53.56666666666666,73.44,69.54,41.03333333333333,2.0,0.5933333333333333
2026-03-10 04:00:00,7.9,95,4.4,52.57333333333333,73.34666666666666,70.07333333333334,40.5,2.0,0.49333333333333323
2026-03-10 05:00:00,8.5,92,1.0,49.57333333333333,70.84666666666666,72.92666666666668,38.04666666666667,2.0,0.4099999999999999
2026-03-10 06:00:00,9.7,87,1.9,45.57333333333333,66.3,79.72666666666667,33.32666666666667,2.0,0.3266666666666666
2026-03-10 07:00:00,11.3,80,3.0,41.57333333333333,58.199999999999996,86.52666666666667,28.60666666666667,2.0,0.24533333333333332
2026-03-10 08:00:00,12.9,73,5.6,37.57333333333333,50.08,93.42666666666668,23.833333333333336,2.0,0.164
2026-03-10 09:00:00,14.5,66,5.7,33.57333333333333,42.07333333333333,100.32666666666668,19.020000000000003,2.0,0.08266666666666667
2026-03-10 10:00:00,15.9,60,5.0,29.57333333333333,34.04666666666667,107.30666666666669,14.58666666666667,2.0,0.0013333333333333428
2026-03-10 11:00:00,17.0,55,3.8,25.983333333333334,39.483333333333334,91.45,24.483333333333334,2.0,0.3
2026-03-10 12:00:00,17.7,52,3.3,23.7,35.7,95.09,22.27,2.046666666666667,0.25
2026-03-10 13:00:00,18.0,51,3.9,22.706666666666667,33.513513513513516,98.34333333333333,21.27,2.0933333333333337,0.25
2026-03-10 14:00:00,18.1,50,4.6,22.333333333333332,33.38018018018018,98.51,20.63,2.1400000000000006,0.22266666666666665
2026-03-10 15:00:00,17.8,52,4.0,23.36,35.30684684684685,97.51,21.63,2.233333333333334,0.258
2026-03-10 16:00:00,17.0,55,2.5,26.36,39.30684684684685,92.96333333333334,24.63,2.326666666666667,0.356
2026-03-10 17:00:00,15.7,61,4.0,30.68,44.93351351351352,87.21666666666667,29.09,2.326666666666667,0.3653333333333333
2026-03-10 18:00:00,14.0,69,2.1,36.24,52.30684684684685,79.54333333333334,35.236666666666665,2.326666666666667,0.384
2026-03-10 19:00:00,12.3,77,4.2,41.980000000000004,60.120180180180185,73.06333333333333,41.236666666666665,2.326666666666667,0.4026666666666667
2026-03-10 20:00:00,10.8,83,2.8,46.31333333333334,66.02684684684685,68.04333333333334,45.663333333333334,2.326666666666667,0.4146666666666667
2026-03-10 21:00:00,9.7,87,5.3,48.55333333333334,69.30018018018018,66.04333333333334,47.93,2.326666666666667,0.43
2026-03-10 22:00:00,9.0,90,6.5,50.546666666666674,72.34018018018018,64.05,50.00333333333333,2.326666666666667,0.4333333333333333
2026-03-10 23:00:00,8.6,92,6.7,51.026666666666664,71.0,72.54,38.0,2.0,0.4713333333333333
2026-03-11 00:00:00,8.3,94,6.2,51.86,72.28,71.54,39.0,2.0,0.48133333333333334
2026-03-11 01:00:00,8.1,95,7.6,52.74,73.31333333333333,70.54,39.986666666666665,2.0,0.528
2026-03-11 02:00:00,7.9,96,12.2,53.60666666666667,74.27333333333333,69.54,40.97333333333333,2.0,0.538
2026-03-11 03:00:00,7.8,97,13.7,54.480000000000004,74.45333333333333,68.54,41.03333333333333,2.0,0.5953333333333334
2026-03-11 04:00:00,8.0,96,12.7,53.48666666666667,74.34,69.08666666666667,40.5,2.0,0.49533333333333335
2026-03-11 05:00:00,8.6,93,11.2,50.29333333333334,71.8,72.39333333333335,37.70666666666666,2.0,0.41200000000000003
2026-03-11 06:00:00,9.8,88,9.8,46.29333333333334,67.24666666666667,79.19333333333334,32.986666666666665,2.0,0.3286666666666667
2026-03-11 07:00:00,11.4,81,7.9,42.29333333333334,59.14666666666667,85.99333333333334,28.266666666666666,2.0,0.24733333333333343
2026-03-11 08:00:00,13.0,74,7.4,38.29333333333334,51.04666666666667,92.89333333333335,23.493333333333332,2.0,0.16600000000000012
2026-03-11 09:00:00,14.6,67,4.3,34.29333333333334,43.04,99.79333333333335,18.72,2.0,0.08466666666666678
2026-03-11 10:00:00,16.0,61,6.2,30.293333333333337,35.013333333333335,106.77333333333335,14.286666666666665,2.0,0.0033333333333334563
2026-03-11 11:00:00,17.1,56,10.1,26.293333333333337,39.483333333333334,91.45,24.483333333333334,2.0,0.3
2026-03-11 12:00:00,17.8,53,12.1,23.7,35.7,95.09,22.27,2.046666666666667,0.25
2026-03-11 13:00:00,18.1,52,10.7,22.706666666666667,33.513513513513516,98.34333333333333,21.27,2.0933333333333337,0.25
2026-03-11 14:00:00,18.2,51,8.8,22.333333333333332,33.38018018018018,98.51,20.63,2.1400000000000006,0.22266666666666665
2026-03-11 15:00:00,17.9,53,6.8,23.36,35.30684684684685,97.51,21.63,2.233333333333334,0.258
2026-03-11 16:00:00,17.1,56,4.5,26.36,39.30684684684685,92.96333333333334,24.63,2.326666666666667,0.356
2026-03-11 17:00:00,15.8,62,3.6,30.68,44.85351351351352,87.21666666666667,29.09,2.6000000000000005,0.3713333333333333
2026-03-11 18:00:00,14.1,70,5.2,36.25333333333333,52.340180180180184,79.60333333333334,35.236666666666665,2.6000000000000005,0.39
2026-03-11 19:00:00,12.4,78,5.6,41.986666666666665,60.226846846846854,73.21666666666667,41.236666666666665,2.6000000000000005,0.4086666666666667
2026-03-11 20:00:00,10.9,84,4.8,46.32,66.15351351351352,68.31666666666666,45.663333333333334,2.6000000000000005,0.4206666666666667
2026-03-11 21:00:00,9.8,88,6.3,48.36,69.19351351351352,66.32333333333332,47.736666666666665,2.6000000000000005,0.436
2026-03-11 22:00:00,9.1,91,7.4,50.4,72.23351351351353,64.32999999999998,49.809999999999995,2.6000000000000005,0.4393333333333333
2026-03-11 23:00:00,8.7,93,4.9,51.99333333333333,72.0,71.54,38.0,2.0,0.466
2026-03-12 00:00:00,8.4,95,4.6,52.89333333333333,73.22666666666666,70.54,38.986666666666665,2.0,0.476
2026-03-12 01:00:00,8.2,96,3.7,53.79333333333333,74.25999999999999,69.54,39.97333333333333,2.0,0.5226666666666666
2026-03-12 02:00:00,8.0,97,3.3,54.69333333333333,75.21999999999998,68.54,40.959999999999994,2.0,0.5326666666666666
2026-03-12 03:00:00,7.9,98,2.4,55.559999999999995,75.39999999999999,67.54,41.019999999999996,2.0,0.5886666666666667
2026-03-12 04:00:00,8.1,97,2.6,54.56666666666666,75.28666666666666,68.08666666666667,40.486666666666665,2.0,0.48866666666666664
2026-03-12 05:00:00,8.7,94,2.4,51.37333333333333,72.74666666666666,71.51333333333334,37.69333333333333,2.0,0.4053333333333333
2026-03-12 06:00:00,9.9,89,1.7,47.37333333333333,68.19333333333333,78.31333333333333,32.97333333333333,2.0,0.322
2026-03-12 07:00:00,11.5,82,1.2,43.37333333333333,60.09333333333333,85.11333333333333,28.25333333333333,2.0,0.2406666666666667
2026-03-12 08:00:00,13.1,75,2.9,39.37333333333333,51.993333333333325,92.01333333333334,23.479999999999997,2.0,0.15933333333333338
2026-03-12 09:00:00,14.7,68,1.1,35.37333333333333,43.98666666666666,98.91333333333334,18.706666666666663,2.0,0.07800000000000004
2026-03-12 10:00:00,16.1,62,2.2,31.373333333333328,35.959999999999994,105.89333333333335,14.27333333333333,2.0,0.002666666666666714
2026-03-12 11:00:00,17.2,57,5.0,27.373333333333328,39.483333333333334,91.45,24.483333333333334,2.1,0.3
2026-03-12 12:00:00,17.9,54,8.5,24.373333333333328,35.7,95.13666666666667,22.27,2.146666666666667,0.25
2026-03-12 13:00:00,18.2,53,11.1,23.379999999999995,33.513513513513516,98.39,21.27,2.193333333333334,0.25
2026-03-12 14:00:00,18.3,52,14.5,23.00666666666666,33.36018018018018,98.55666666666667,20.63,2.2400000000000007,0.22133333333333335
2026-03-12 15:00:00,18.0,54,15.6,24.00666666666666,35.28684684684685,97.55666666666667,21.63,2.333333333333334,0.2566666666666667
2026-03-12 16:00:00,17.2,57,15.4,27.00666666666666,39.28684684684685,93.01,24.63,2.426666666666667,0.3546666666666667
2026-03-12 17:00:00,15.9,63,14.3,31.32666666666666,44.833513513513516,87.26333333333334,29.09,2.7000000000000006,0.45333333333333337
2026-03-12 18:00:00,14.2,71,11.5,36.89999999999999,52.32018018018018,79.65,35.236666666666665,2.7000000000000006,0.4726666666666667
2026-03-12 19:00:00,12.5,79,10.6,42.64666666666666,60.206846846846844,73.30333333333334,41.236666666666665,2.7000000000000006,0.49133333333333334
2026-03-12 20:00:00,11.0,85,10.1,46.98,66.1335135135135,68.40333333333334,45.663333333333334,2.7000000000000006,0.5026666666666667
2026-03-12 21:00:00,9.9,89,9.0,49.019999999999996,69.17351351351351,66.41,47.736666666666665,2.7000000000000006,0.518
2026-03-12 22:00:00,9.2,92,8.0,51.059999999999995,72.21351351351352,64.41666666666666,49.809999999999995,2.7000000000000006,0.5913333333333334
2026-03-12 23:00:00,8.8,94,7.6,52.88666666666667,73.0,70.54,38.0,2.0,0.4886666666666667
2026-03-13 00:00:00,8.5,96,6.9,53.78666666666667,74.22666666666666,69.54,38.986666666666665,2.0,0.4986666666666667
2026-03-13 01:00:00,8.3,97,6.1,54.660000000000004,75.26666666666667,68.54,39.97333333333333,2.0,0.5453333333333333
2026-03-13 02:00:00,8.1,98,5.4,55.52,76.22666666666666,67.54,40.959999999999994,2.0,0.5553333333333333
2026-03-13 03:00:00,8.0,99,4.9,56.36000000000001,76.38666666666666,66.54,41.01333333333333,2.0,0.6113333333333334
2026-03-13 04:00:00,8.2,98,5.4,55.26666666666667,76.27333333333333,67.08666666666667,40.32666666666666,2.0,0.5113333333333334
2026-03-13 05:00:00,8.8,95,2.4,52.07333333333334,73.69999999999999,70.46666666666667,37.486666666666665,2.0,0.42800000000000005
2026-03-13 06:00:00,10.0,90,0.6,48.07333333333334,69.14666666666666,77.26666666666667,32.766666666666666,2.0,0.34466666666666673
2026-03-13 07:00:00,11.6,83,0.5,44.07333333333334,61.04666666666666,84.06666666666666,28.04,2.0,0.2633333333333334
2026-03-13 08:00:00,13.2,76,5.4,40.07333333333334,52.94666666666666,90.96666666666667,23.19333333333333,2.0,0.1820000000000001
2026-03-13 09:00:00,14.8,69,3.3,36.07333333333334,44.92666666666666,97.86666666666667,18.419999999999998,2.0,0.10066666666666678
2026-03-13 10:00:00,16.2,63,3.9,32.07333333333334,36.89999999999999,104.84666666666668,13.986666666666665,2.0,0.023333333333333456
2026-03-13 11:00:00,17.3,58,4.3,28.073333333333338,39.483333333333334,91.45,24.483333333333334,2.1,0.3
2026-03-13 12:00:00,18.0,55,3.3,25.073333333333338,35.7,95.13666666666667,22.27,2.146666666666667,0.25
2026-03-13 13:00:00,18.3,54,2.2,24.080000000000005,33.513513513513516,98.39,21.27,2.193333333333334,0.25
2026-03-13 14:00:00,18.4,53,2.5,23.70666666666667,33.36018018018018,98.55666666666667,20.63,2.2400000000000007,0.22133333333333335
2026-03-13 15:00:00,18.1,55,2.9,24.70666666666667,35.28684684684685,97.55666666666667,21.63,2.333333333333334,0.2566666666666667
2026-03-13 16:00:00,17.3,58,2.5,27.70666666666667,39.28684684684685,93.01,24.63,2.426666666666667,0.3546666666666667
2026-03-13 17:00:00,16.0,64,4.3,32.02666666666667,44.833513513513516,87.26333333333334,29.09,2.7000000000000006,0.45333333333333337
2026-03-13 18:00:00,14.3,72,1.4,37.593333333333334,52.74684684684685,79.65,35.236666666666665,2.7000000000000006,0.4726666666666667
2026-03-13 19:00:00,12.6,80,2.6,43.36,60.63351351351352,73.41000000000001,41.236666666666665,2.7000000000000006,0.49133333333333334
2026-03-13 20:00:00,11.1,86,2.0,47.68666666666667,66.56018018018018,68.51,45.663333333333334,2.7000000000000006,0.5026666666666667
2026-03-13 21:00:00,10.0,90,3.7,49.68666666666667,69.60018018018019,66.51666666666667,47.736666666666665,2.7000000000000006,0.518
2026-03-13 22:00:00,9.3,93,3.3,51.72666666666667,72.6401801801802,64.52333333333333,49.809999999999995,2.7000000000000006,0.5913333333333334
2026-03-13 23:00:00,8.9,95,4.3,53.88666666666667,73.92,69.54,37.986666666666665,2.0,0.4886666666666667
2026-03-14 00:00:00,8.6,97,8.0,54.74666666666667,75.09333333333333,68.54,38.97333333333333,2.0,0.4986666666666667
2026-03-14 01:00:00,8.4,98,9.4,55.63333333333334,76.13333333333334,67.54,39.959999999999994,2.0,0.5453333333333333
2026-03-14 02:00:00,8.2,99,8.0,56.52666666666667,77.09333333333333,66.54,40.94666666666666,2.0,0.5553333333333333
2026-03-14 03:00:00,8.1,100,9.3,57.40666666666667,77.23333333333333,65.55333333333334,40.99999999999999,2.0,0.6113333333333334
2026-03-14 04:00:00,8.3,99,9.3,56.31333333333334,77.12,66.10000000000001,40.313333333333325,2.0,0.5113333333333334
2026-03-14 05:00:00,8.9,96,10.5,53.120000000000005,74.54666666666667,69.46666666666667,37.44666666666666,2.0,0.42800000000000005
2026-03-14 06:00:00,10.1,91,10.6,49.120000000000005,69.96666666666667,76.26666666666667,32.72666666666666,2.0,0.34466666666666673
2026-03-14 07:00:00,11.7,84,10.5,45.120000000000005,61.86666666666667,83.06666666666666,27.96666666666666,2.0,0.2633333333333334
2026-03-14 08:00:00,13.3,77,7.6,41.120000000000005,53.766666666666666,89.86666666666666,23.193333333333328,2.0,0.1820000000000001
2026-03-14 09:00:00,14.9,70,9.0,37.120000000000005,45.62,96.76666666666667,18.419999999999995,2.0,0.10066666666666678
2026-03-14 10:00:00,16.3,64,12.1,33.120000000000005,37.593333333333334,103.74666666666667,13.646666666666661,2.1,0.023333333333333456
2026-03-14 11:00:00,17.4,59,12.3,29.120000000000005,39.483333333333334,91.45,24.483333333333334,2.2,0.3
2026-03-14 12:00:00,18.1,56,10.0,26.120000000000005,35.7,95.09,22.21666666666667,2.246666666666667,0.25
2026-03-14 13:00:00,18.4,55,8.4,25.126666666666672,33.513513513513516,98.34333333333333,21.21666666666667,2.293333333333334,0.25
2026-03-14 14:00:00,18.5,54,6.8,24.740000000000006,33.36018018018018,98.51,20.576666666666668,2.3400000000000007,0.22066666666666665
2026-03-14 15:00:00,18.2,56,8.4,25.740000000000006,35.28684684684685,97.51,21.576666666666668,2.3866666666666676,0.256
2026-03-14 16:00:00,17.4,59,12.1,28.740000000000006,39.28684684684685,92.96333333333334,24.576666666666668,2.480000000000001,0.354
2026-03-14 17:00:00,16.1,65,15.1,33.06,44.833513513513516,87.21666666666667,29.03666666666667,2.8266666666666675,0.45266666666666666
2026-03-14 18:00:00,14.4,73,8.8,38.61333333333334,53.013513513513516,79.60333333333334,35.18333333333334,2.8266666666666675,0.472
2026-03-14 19:00:00,12.7,81,9.0,44.39333333333334,60.900180180180186,73.36333333333334,41.18333333333334,2.8266666666666675,0.4906666666666667
2026-03-14 20:00:00,11.2,87,11.5,48.60666666666667,66.74018018018019,68.46333333333334,45.53,2.8266666666666675,0.502
2026-03-14 21:00:00,10.1,91,10.6,50.64666666666667,69.7801801801802,66.47,47.60333333333333,2.8266666666666675,0.516
2026-03-14 22:00:00,9.4,94,9.6,52.68666666666667,72.8201801801802,64.47666666666666,49.67666666666666,2.8266666666666675,0.59
2026-03-14 23:00:00,9.0,96,8.4,54.9,74.92,69.0,37.986666666666665,2.0,0.4953333333333333
2026-03-15 00:00:00,8.7,98,8.0,55.8,76.09333333333333,68.0,38.97333333333333,2.0,0.5053333333333333
2026-03-15 01:00:00,8.5,99,6.3,56.699999999999996,77.13333333333334,67.0,39.959999999999994,2.0,0.552
2026-03-15 02:00:00,8.3,100,2.8,57.59333333333333,78.09333333333333,66.0,40.94666666666666,2.0,0.5653333333333334
2026-03-15 03:00:00,8.2,100,1.2,58.46666666666666,78.23333333333333,65.01333333333334,40.99999999999999,2.0,0.6213333333333334
2026-03-15 04:00:00,8.4,99,0.4,57.37333333333333,78.12,65.56,40.313333333333325,2.0,0.5213333333333334
2026-03-15 05:00:00,9.0,97,0.4,54.17999999999999,75.54666666666667,68.92,37.44666666666666,2.0,0.43800000000000006
2026-03-15 06:00:00,10.2,92,0.4,50.17999999999999,70.96666666666667,75.72,32.71999999999999,2.0,0.35466666666666674
2026-03-15 07:00:00,11.8,85,0.4,46.17999999999999,62.86666666666667,82.52,27.993333333333325,2.0,0.27333333333333343
2026-03-15 08:00:00,13.4,78,1.0,42.17999999999999,54.766666666666666,89.32,23.21999999999999,2.0,0.19200000000000012
2026-03-15 09:00:00,15.0,71,1.3,38.17999999999999,46.54666666666667,96.22,18.44666666666666,2.0,0.11666666666666678
2026-03-15 10:00:00,16.4,65,2.6,34.17999999999999,38.519999999999996,103.2,13.673333333333325,2.1733333333333333,0.039333333333333456
2026-03-15 11:00:00,17.5,60,3.2,30.179999999999993,39.483333333333334,91.45,24.483333333333334,2.2733333333333334,0.3
2026-03-15 12:00:00,18.2,57,3.3,26.986666666666657,35.7,95.46333333333334,22.2,2.3733333333333335,0.26
2026-03-15 13:00:00,18.5,56,4.4,25.986666666666657,33.513513513513516,98.71666666666667,21.2,2.4200000000000004,0.25
2026-03-15 14:00:00,18.6,55,6.6,25.59999999999999,33.36018018018018,98.88333333333334,20.56,2.4666666666666672,0.22066666666666665
2026-03-15 15:00:00,18.3,57,8.1,26.59999999999999,35.28684684684685,97.88333333333334,21.56,2.513333333333334,0.256
2026-03-15 16:00:00,17.5,60,8.4,29.59999999999999,39.28684684684685,93.41666666666667,24.56,2.6066666666666674,0.356
2026-03-15 17:00:00,16.2,66,10.3,33.91333333333333,44.92018018018018,87.85666666666667,29.02,3.0066666666666673,0.45466666666666666
2026-03-15 18:00:00,14.5,74,9.4,39.44666666666666,53.10018018018018,80.17,35.166666666666664,3.0066666666666673,0.5546666666666668
2026-03-15 19:00:00,12.8,82,11.9,45.21999999999999,61.093513513513514,73.93,41.166666666666664,3.0066666666666673,0.5733333333333334
2026-03-15 20:00:00,11.3,88,10.2,49.42666666666666,66.95351351351351,69.03,45.50666666666666,3.0066666666666673,0.5853333333333334
2026-03-15 21:00:00,10.2,92,8.2,51.46666666666666,69.99351351351352,67.03666666666666,47.57999999999999,3.0066666666666673,0.6753333333333333
2026-03-15 22:00:00,9.5,95,7.8,53.50666666666666,73.03351351351353,65.04333333333332,49.65333333333332,3.0066666666666673,0.7486666666666667
2026-03-15 23:00:00,9.1,97,7.4,55.86,75.92,68.0,37.986666666666665,2.0,0.48733333333333334
2026-03-16 00:00:00,8.8,99,6.5,56.72,77.08666666666667,67.0,38.97333333333333,2.0,0.5106666666666666
2026-03-16 01:00:00,8.6,100,4.9,57.57333333333333,78.12666666666668,66.0,39.959999999999994,2.0,0.5573333333333332
2026-03-16 02:00:00,8.4,100,1.9,58.39333333333333,79.08666666666667,65.0,40.94666666666666,2.0,0.5706666666666667
2026-03-16 03:00:00,8.3,100,0.5,59.22,79.22666666666667,64.01333333333334,40.99999999999999,2.0,0.6653333333333332
2026-03-16 04:00:00,8.5,100,1.4,58.126666666666665,79.11333333333334,64.56,40.30666666666666,2.0,0.5653333333333332
2026-03-16 05:00:00,9.1,98,1.4,54.93333333333333,76.54,67.91333333333334,37.43999999999999,2.0,0.46533333333333327
2026-03-16 06:00:00,10.3,93,2.2,50.93333333333333,71.93333333333334,74.71333333333334,32.67999999999999,2.0,0.38199999999999995
2026-03-16 07:00:00,11.9,86,2.4,46.93333333333333,63.833333333333336,81.51333333333334,27.919999999999995,2.0,0.30066666666666664
2026-03-16 08:00:00,13.5,79,4.2,42.93333333333333,55.733333333333334,88.31333333333333,23.073333333333327,2.0,0.21933333333333332
2026-03-16 09:00:00,15.1,72,3.1,38.93333333333333,47.513333333333335,95.21333333333334,18.299999999999994,2.0,0.142
2026-03-16 10:00:00,16.5,66,3.5,34.93333333333333,39.486666666666665,102.19333333333334,13.52666666666666,2.1733333333333333,0.06466666666666668
2026-03-16 11:00:00,17.6,61,3.9,30.93333333333333,39.483333333333334,91.45,24.483333333333334,2.2733333333333334,0.3
2026-03-16 12:00:00,18.3,58,7.4,27.739999999999995,35.7,95.66333333333334,22.2,2.3733333333333335,0.2713333333333333
2026-03-16 13:00:00,18.6,57,10.6,26.739999999999995,33.513513513513516,98.91666666666667,21.2,2.4200000000000004,0.25
2026-03-16 14:00:00,18.7,56,12.8,26.353333333333328,33.36018018018018,99.08333333333334,20.56,2.4666666666666672,0.22066666666666665
2026-03-16 15:00:00,18.4,58,13.0,27.353333333333328,35.20018018018018,98.08333333333334,21.56,2.513333333333334,0.25466666666666665
2026-03-16 16:00:00,17.6,61,13.9,30.353333333333328,39.20018018018018,93.61666666666667,24.56,2.6066666666666674,0.35466666666666663
2026-03-16 17:00:00,16.3,67,12.4,34.666666666666664,44.833513513513516,88.05666666666667,29.02,3.0066666666666673,0.4533333333333333
2026-03-16 18:00:00,14.6,75,7.6,40.199999999999996,52.88018018018018,80.37,35.166666666666664,4.006666666666668,0.5533333333333332
2026-03-16 19:00:00,12.9,83,5.8,45.986666666666665,60.873513513513515,74.13000000000001,41.166666666666664,4.006666666666668,0.6526666666666666
2026-03-16 20:00:00,11.4,89,5.6,50.18666666666667,66.73351351351351,69.41666666666667,45.50666666666666,4.006666666666668,0.6646666666666666
2026-03-16 21:00:00,10.3,93,6.1,52.22666666666667,69.77351351351352,67.41666666666667,47.57999999999999,4.006666666666668,0.7546666666666666
2026-03-16 22:00:00,9.6,96,6.4,54.266666666666666,72.81351351351353,65.42333333333333,49.65333333333332,4.006666666666668,0.828
2026-03-16 23:00:00,9.2,98,7.4,56.86666666666667,76.92,67.0,37.986666666666665,2.0,0.48733333333333334
2026-03-17 00:00:00,8.9,100,6.0,57.733333333333334,78.07333333333334,66.0,38.97333333333333,2.0,0.51
2026-03-17 01:00:00,8.7,100,2.9,58.593333333333334,79.11333333333334,65.0,39.959999999999994,2.0,0.5866666666666667
2026-03-17 02:00:00,8.5,100,2.0,59.42,80.05333333333334,64.0,40.93999999999999,2.0,0.6
2026-03-17 03:00:00,8.4,100,1.8,60.266666666666666,80.19333333333334,63.013333333333335,40.993333333333325,2.0,0.6913333333333334
2026-03-17 04:00:00,8.6,100,2.3,59.17333333333333,80.08000000000001,63.56,40.29999999999999,2.0,0.5913333333333334
2026-03-17 05:00:00,9.2,99,3.4,55.98,77.50000000000001,66.91333333333334,37.43333333333332,2.0,0.49133333333333334
2026-03-17 06:00:00,10.4,94,5.7,51.98,72.89333333333335,73.71333333333334,32.713333333333324,2.0,0.40800000000000003
2026-03-17 07:00:00,12.0,87,5.1,47.98,64.79333333333335,80.51333333333334,27.993333333333325,2.0,0.3266666666666667
2026-03-17 08:00:00,13.6,80,5.4,43.98,56.68000000000002,87.31333333333333,23.21999999999999,2.0,0.24533333333333343
2026-03-17 09:00:00,15.2,73,5.7,39.98,48.51333333333336,94.21333333333334,18.44666666666666,2.1866666666666665,0.16800000000000012
2026-03-17 10:00:00,16.6,67,5.0,35.98,40.48666666666669,101.19333333333334,13.673333333333325,2.36,0.09066666666666678
2026-03-17 11:00:00,17.7,62,3.6,31.979999999999997,39.483333333333334,91.45,24.483333333333334,2.46,0.3
2026-03-17 12:00:00,18.4,59,3.3,28.78666666666666,35.7,95.66333333333334,22.2,2.56,0.2713333333333333
2026-03-17 13:00:00,18.7,58,4.0,27.78666666666666,33.513513513513516,98.93666666666667,21.2,2.606666666666667,0.25
2026-03-17 14:00:00,18.8,57,5.1,27.399999999999995,33.36018018018018,99.10333333333334,20.56,2.6533333333333338,0.22066666666666665
2026-03-17 15:00:00,18.5,59,5.8,28.399999999999995,35.20018018018018,98.10333333333334,21.56,2.7000000000000006,0.25666666666666665
2026-03-17 16:00:00,17.7,62,7.9,31.399999999999995,39.20018018018018,93.63666666666667,24.56,2.793333333333334,0.35666666666666663
2026-03-17 17:00:00,16.4,68,7.9,35.71333333333333,44.833513513513516,88.07666666666667,29.02,3.206666666666667,0.4553333333333333
2026-03-17 18:00:00,14.7,76,3.7,41.24666666666666,52.88018018018018,80.42333333333333,35.166666666666664,4.206666666666667,0.5553333333333332
2026-03-17 19:00:00,13.0,84,2.4,47.03333333333333,61.153513513513516,74.18333333333334,41.166666666666664,4.206666666666667,0.6546666666666666
2026-03-17 20:00:00,11.5,90,1.0,51.16,66.93351351351352,69.47,45.419999999999995,4.206666666666667,0.7446666666666666
2026-03-17 21:00:00,10.4,94,1.5,53.199999999999996,69.97351351351352,67.47,47.493333333333325,4.206666666666667,0.8346666666666667
2026-03-17 22:00:00,9.7,97,1.0,55.21333333333333,73.01351351351353,65.47666666666666,49.566666666666656,4.206666666666667,0.908
2026-03-17 23:00:00,9.3,99,16.3,57.86,77.92,66.0,37.986666666666665,2.0,0.48733333333333334
2026-03-18 00:00:00,9.0,100,18.8,58.71333333333333,79.07333333333334,65.0,38.97333333333333,2.0,0.51
2026-03-18 01:00:00,8.8,100,18.2,59.58,80.11333333333334,64.0,39.959999999999994,1.9933333333333334,0.5853333333333334
2026-03-18 02:00:00,8.6,100,18.2,60.413333333333334,81.04666666666668,63.013333333333335,40.93999999999999,1.9933333333333334,0.6373333333333334
2026-03-18 03:00:00,8.5,100,18.8,61.25333333333334,81.18666666666668,62.02666666666667,40.993333333333325,1.9933333333333334,0.7293333333333334
2026-03-18 04:00:00,8.7,100,18.5,60.160000000000004,81.07333333333335,62.57333333333334,40.29999999999999,1.9933333333333334,0.6293333333333334
2026-03-18 05:00:00,9.3,99,14.9,56.96666666666667,78.49333333333335,65.92666666666668,37.43333333333332,1.9933333333333334,0.5293333333333333
2026-03-18 06:00:00,10.5,95,11.6,52.96666666666667,73.88666666666668,72.72666666666667,32.713333333333324,1.9933333333333334,0.44600000000000006
2026-03-18 07:00:00,12.1,88,10.3,48.96666666666667,65.78666666666669,79.52666666666667,27.993333333333325,1.9933333333333334,0.36466666666666675
2026-03-18 08:00:00,13.7,81,6.9,44.96666666666667,57.67333333333336,86.32666666666667,23.21999999999999,1.9933333333333334,0.28333333333333344
2026-03-18 09:00:00,15.3,74,8.2,40.96666666666667,49.52666666666669,93.22666666666667,18.44666666666666,2.18,0.20600000000000013
2026-03-18 10:00:00,16.7,68,6.8,36.96666666666667,41.50000000000003,100.20666666666668,13.673333333333325,2.3666666666666667,0.1286666666666668
2026-03-18 11:00:00,17.8,63,9.2,32.96666666666667,39.483333333333334,91.45,24.483333333333334,2.466666666666667,0.3
2026-03-18 12:00:00,18.5,60,11.5,29.773333333333333,35.7,95.66333333333334,22.2,2.566666666666667,0.25133333333333335
2026-03-18 13:00:00,18.8,59,10.8,28.773333333333333,33.513513513513516,98.97000000000001,21.2,2.666666666666667,0.25
2026-03-18 14:00:00,18.9,58,10.2,28.386666666666667,33.36018018018018,99.15000000000002,20.56,2.713333333333334,0.22666666666666666
2026-03-18 15:00:00,18.6,60,15.0,29.386666666666667,35.20018018018018,98.15000000000002,21.56,2.7600000000000007,0.2626666666666666
2026-03-18 16:00:00,17.8,63,17.6,32.38666666666667,39.20018018018018,93.68333333333335,24.56,2.906666666666667,0.36266666666666664
2026-03-18 17:00:00,16.5,69,19.5,36.7,44.833513513513516,88.08333333333336,29.02,3.3200000000000003,0.4613333333333333
2026-03-18 18:00:00,14.8,77,17.7,42.22,52.88018018018018,80.45666666666669,35.166666666666664,4.32,0.5613333333333332
2026-03-18 19:00:00,13.1,85,15.2,48.00666666666667,61.20018018018018,74.2166666666667,41.166666666666664,4.32,0.6599999999999999
2026-03-18 20:00:00,11.6,91,12.3,52.13333333333333,66.98018018018018,69.50333333333336,45.419999999999995,4.32,0.7499999999999999
2026-03-18 21:00:00,10.5,95,9.9,54.17333333333333,70.02018018018019,67.50333333333336,47.493333333333325,4.32,0.8393333333333333
2026-03-18 22:00:00,9.8,98,8.9,56.21333333333333,73.0601801801802,65.52333333333335,49.566666666666656,4.32,0.9126666666666666
2026-03-18 23:00:00,9.4,100,9.3,58.86666666666667,78.92,65.0,37.986666666666665,2.0,0.4893333333333333
2026-03-19 00:00:00,9.1,100,8.9,59.733333333333334,80.15333333333334,64.0,38.97333333333333,2.0,0.4913333333333333
2026-03-19 01:00:00,8.9,100,5.9,60.60666666666667,81.19333333333334,63.0,39.959999999999994,2.0,0.5666666666666667
2026-03-19 02:00:00,8.7,100,4.6,61.45333333333333,82.12666666666668,62.013333333333335,40.93999999999999,2.0,0.6166666666666666
2026-03-19 03:00:00,8.6,100,4.4,62.306666666666665,82.26666666666668,61.02666666666667,40.993333333333325,2.0,0.6593333333333332
2026-03-19 04:00:00,8.8,100,3.2,61.21333333333333,82.15333333333335,61.57333333333334,40.29999999999999,2.0,0.5593333333333332
2026-03-19 05:00:00,9.4,100,3.2,58.019999999999996,79.57333333333335,64.92666666666668,37.43333333333332,2.0,0.45933333333333326
2026-03-19 06:00:00,10.6,96,3.1,54.019999999999996,74.96666666666668,71.72666666666667,32.713333333333324,2.0,0.37599999999999995
2026-03-19 07:00:00,12.2,89,1.5,50.019999999999996,66.86666666666669,78.52666666666667,27.993333333333325,2.0,0.29466666666666663
2026-03-19 08:00:00,13.8,82,4.0,46.019999999999996,58.75333333333336,85.32666666666667,23.21999999999999,2.0,0.21933333333333332
2026-03-19 09:00:00,15.4,75,4.0,42.019999999999996,50.60666666666669,92.22666666666667,18.44666666666666,2.1866666666666665,0.142
2026-03-19 10:00:00,16.8,69,3.6,38.019999999999996,42.58000000000003,99.20666666666668,13.673333333333325,2.373333333333333,0.06466666666666668
2026-03-19 11:00:00,17.9,64,4.3,34.019999999999996,39.483333333333334,91.45,24.483333333333334,2.473333333333333,0.3
2026-03-19 12:00:00,18.6,61,4.4,30.82666666666666,35.7,95.66333333333334,22.2,2.5733333333333333,0.25
2026-03-19 13:00:00,18.9,60,7.9,29.82666666666666,33.513513513513516,98.99666666666667,21.2,2.6733333333333333,0.25
2026-03-19 14:00:00,19.0,59,12.6,29.439999999999994,33.36018018018018,99.17666666666668,20.56,2.7733333333333334,0.23333333333333334
2026-03-19 15:00:00,18.7,61,12.3,30.439999999999994,35.20018018018018,98.17666666666668,21.56,2.8200000000000003,0.268
2026-03-19 16:00:00,17.9,64,11.3,33.44,39.20018018018018,93.71000000000001,24.56,2.966666666666667,0.368
2026-03-19 17:00:00,16.6,70,11.3,37.75333333333333,44.78684684684685,88.11000000000001,29.02,3.38,0.4666666666666667
2026-03-19 18:00:00,14.9,78,10.0,43.273333333333326,52.833513513513516,80.48333333333335,35.166666666666664,4.38,0.5666666666666668
2026-03-19 19:00:00,13.2,86,11.1,49.06666666666666,61.160180180180184,74.24333333333335,41.166666666666664,4.38,0.6660000000000001
2026-03-19 20:00:00,11.7,92,11.2,53.19333333333333,66.94018018018018,69.53000000000002,45.419999999999995,4.38,0.7560000000000001
2026-03-19 21:00:00,10.6,96,9.8,55.23333333333333,69.98018018018018,67.53000000000002,47.493333333333325,4.38,0.8453333333333335
2026-03-19 22:00:00,9.9,99,7.3,57.279999999999994,73.02018018018019,65.53000000000002,49.566666666666656,4.38,0.9186666666666669
2026-03-19 23:00:00,9.5,100,1.9,59.85333333333333,79.92,64.0,37.986666666666665,2.0,0.496
2026-03-20 00:00:00,9.2,100,3.4,60.72666666666667,81.15333333333334,63.0,38.97333333333333,2.0,0.498
2026-03-20 01:00:00,9.0,100,2.5,61.586666666666666,82.19333333333334,62.0,39.959999999999994,2.0,0.5513333333333333
2026-03-20 02:00:00,8.8,100,3.9,62.42,83.12666666666668,61.013333333333335,40.93999999999999,2.0,0.6013333333333334
2026-03-20 03:00:00,8.7,100,5.6,63.260000000000005,83.26666666666668,60.02666666666667,40.993333333333325,2.0,0.6446666666666667
2026-03-20 04:00:00,8.9,100,6.2,62.16666666666667,83.15333333333335,60.56666666666667,40.30666666666666,2.0,0.5446666666666667
2026-03-20 05:00:00,9.5,100,7.3,58.973333333333336,80.57333333333335,63.92,37.43999999999999,2.0,0.46133333333333343
2026-03-20 06:00:00,10.7,97,10.2,54.973333333333336,75.96666666666668,70.72,32.71999999999999,2.0,0.3780000000000001
2026-03-20 07:00:00,12.3,90,12.6,50.973333333333336,67.86666666666669,77.52,27.999999999999993,2.0,0.2966666666666668
2026-03-20 08:00:00,13.9,83,10.8,46.973333333333336,59.75333333333336,84.32,23.22666666666666,2.0,0.2193333333333335
2026-03-20 09:00:00,15.5,76,8.5,42.973333333333336,51.60666666666669,91.22,18.453333333333326,2.1866666666666665,0.14200000000000018
2026-03-20 10:00:00,16.9,70,7.9,38.973333333333336,43.50666666666669,98.2,13.679999999999993,2.373333333333333,0.06466666666666684
2026-03-20 11:00:00,18.0,65,7.2,34.973333333333336,39.483333333333334,91.45,24.483333333333334,2.5466666666666664,0.3
2026-03-20 12:00:00,18.7,62,6.1,31.78,35.7,95.61666666666667,22.2,2.6466666666666665,0.25
2026-03-20 13:00:00,19.0,61,8.2,30.78,33.513513513513516,98.95,21.2,2.7466666666666666,0.25
2026-03-20 14:00:00,19.1,60,12.0,30.393333333333334,33.36018018018018,99.13000000000001,20.56,2.8466666666666667,0.232
2026-03-20 15:00:00,18.8,62,13.2,31.393333333333334,35.20018018018018,98.13000000000001,21.56,2.9466666666666668,0.26666666666666666
2026-03-20 16:00:00,18.0,65,13.2,34.39333333333333,39.20018018018018,93.66333333333334,24.56,3.0,0.3666666666666667
2026-03-20 17:00:00,16.7,71,14.1,38.70666666666666,44.89351351351352,87.98333333333335,29.02,3.413333333333333,0.4653333333333334
2026-03-20 18:00:00,15.0,79,13.2,44.239999999999995,52.940180180180185,80.37666666666668,35.166666666666664,4.413333333333333,0.5653333333333334
2026-03-20 19:00:00,13.3,87,11.2,50.03333333333333,61.26684684684685,74.13666666666668,41.166666666666664,4.413333333333333,0.664
2026-03-20 20:00:00,11.8,93,8.6,54.14,67.04684684684685,69.42333333333335,45.419999999999995,4.413333333333333,0.752
2026-03-20 21:00:00,10.7,97,4.4,56.18,70.08684684684685,67.42333333333335,47.493333333333325,4.413333333333333,0.8413333333333334
2026-03-20 22:00:00,10.0,100,3.1,58.193333333333335,73.12684684684686,65.88333333333334,49.566666666666656,4.413333333333333,0.92
2026-03-20 23:00:00,9.6,100,3.0,60.873333333333335,80.92,63.0,37.986666666666665,2.0,0.496
2026-03-21 00:00:00,9.3,100,3.6,61.72666666666667,82.16,62.0,38.97333333333333,2.0,0.498
2026-03-21 01:00:00,9.1,100,3.5,62.586666666666666,83.2,61.0,39.959999999999994,2.0,0.5526666666666666
2026-03-21 02:00:00,8.9,100,2.9,63.413333333333334,84.13333333333334,60.013333333333335,40.93999999999999,2.0,0.564
2026-03-21 03:00:00,8.8,100,2.6,64.25333333333333,84.27333333333334,59.02666666666667,40.993333333333325,2.0,0.6066666666666666
2026-03-21 04:00:00,9.0,100,4.1,63.16,84.16000000000001,59.56666666666667,40.30666666666666,2.0,0.5066666666666666
2026-03-21 05:00:00,9.6,100,3.9,59.96666666666666,81.58000000000001,62.92,37.43999999999999,2.0,0.42333333333333334
2026-03-21 06:00:00,10.8,98,4.5,55.96666666666666,76.97333333333334,69.72,32.71999999999999,2.0,0.34
2026-03-21 07:00:00,12.4,91,5.2,51.96666666666666,68.87333333333335,76.52,27.999999999999993,2.0,0.2586666666666667
2026-03-21 08:00:00,14.0,84,5.3,47.96666666666666,60.76000000000002,83.32,23.22666666666666,2.1866666666666665,0.18133333333333337
2026-03-21 09:00:00,15.6,77,5.1,43.96666666666666,52.61333333333335,90.11999999999999,18.453333333333326,2.373333333333333,0.10400000000000004
2026-03-21 10:00:00,17.0,71,3.6,39.96666666666666,44.39333333333335,97.1,13.679999999999993,2.5599999999999996,0.026666666666666713
2026-03-21 11:00:00,18.1,66,2.8,35.96666666666666,40.093333333333355,91.45,24.483333333333334,2.733333333333333,0.3
2026-03-21 12:00:00,18.8,63,2.7,32.773333333333326,35.86666666666669,95.61,22.2,2.833333333333333,0.25
2026-03-21 13:00:00,19.1,62,4.3,31.773333333333326,33.520000000000024,98.91,21.2,2.933333333333333,0.25
2026-03-21 14:00:00,19.2,61,7.6,31.38666666666666,33.36666666666669,99.09,20.56,3.0,0.232
2026-03-21 15:00:00,18.9,63,9.0,32.386666666666656,35.24666666666669,98.09,21.56,3.0,0.266
2026-03-21 16:00:00,18.1,66,9.9,35.386666666666656,39.24666666666669,93.62333333333333,24.56,3.0,0.366
2026-03-21 17:00:00,16.8,72,10.6,39.69999999999999,45.11333333333336,87.94333333333333,29.02,3.413333333333333,0.4646666666666667
2026-03-21 18:00:00,15.1,80,10.5,45.25999999999999,53.16666666666669,80.34333333333333,35.166666666666664,4.413333333333333,0.5646666666666668
2026-03-21 19:00:00,13.4,88,9.3,51.05333333333333,61.49333333333336,74.10333333333334,41.166666666666664,4.413333333333333,0.6606666666666667
2026-03-21 20:00:00,11.9,94,3.5,55.273333333333326,67.35333333333337,69.39,45.53333333333333,4.413333333333333,0.7493333333333334
2026-03-21 21:00:00,10.8,98,8.5,57.31999999999999,70.39333333333337,67.39,47.60666666666666,4.413333333333333,0.842
2026-03-21 22:00:00,10.1,100,10.1,59.33333333333333,73.43333333333338,65.85,49.67999999999999,4.413333333333333,0.9206666666666666
2026-03-21 23:00:00,9.7,100,5.3,61.88,81.87333333333333,62.0,37.986666666666665,2.0,0.4906666666666667
2026-03-22 00:00:00,9.4,100,3.9,62.74,83.11333333333333,61.0,38.97333333333333,2.0,0.4946666666666667
2026-03-22 01:00:00,9.2,100,0.6,63.553333333333335,84.15333333333334,60.0,39.959999999999994,2.0,0.5493333333333333
2026-03-22 02:00:00,9.0,100,4.4,64.37333333333333,85.08666666666667,59.013333333333335,40.93999999999999,2.0,0.5606666666666668
2026-03-22 03:00:00,8.8,100,1.8,65.21333333333334,86.02000000000001,58.02666666666667,41.91999999999999,2.0,0.6053333333333334
2026-03-22 04:00:00,9.0,100,2.3,64.12,85.90666666666668,58.56666666666667,41.23333333333332,2.0,0.5053333333333334
2026-03-22 05:00:00,9.6,100,1.5,60.92666666666667,83.32666666666668,61.92,38.36666666666665,2.0,0.42200000000000004
2026-03-22 06:00:00,10.8,98,2.0,56.92666666666667,78.72000000000001,68.72,33.646666666666654,2.0,0.3386666666666667
2026-03-22 07:00:00,12.4,91,2.0,52.92666666666667,70.62000000000002,75.52,28.926666666666655,2.0,0.2573333333333334
2026-03-22 08:00:00,14.0,84,3.1,48.92666666666667,62.50666666666669,82.32,24.15333333333332,2.1866666666666665,0.1800000000000001
2026-03-22 09:00:00,15.6,77,3.8,44.92666666666667,54.36000000000002,89.11999999999999,19.37999999999999,2.373333333333333,0.10266666666666678
2026-03-22 10:00:00,17.0,71,6.1,40.92666666666667,46.14666666666669,96.1,14.606666666666655,2.5599999999999996,0.025333333333333458
2026-03-22 11:00:00,18.1,66,13.1,36.92666666666667,41.84666666666669,91.45,24.483333333333334,2.733333333333333,0.3
2026-03-22 12:00:00,18.8,63,14.0,33.733333333333334,37.620000000000026,95.61,22.2,2.833333333333333,0.25
2026-03-22 13:00:00,19.1,62,13.9,32.733333333333334,35.27333333333336,98.91,21.2,2.933333333333333,0.25
2026-03-22 14:00:00,19.2,61,9.9,32.34666666666667,35.120000000000026,99.09,20.56,3.0,0.232
2026-03-22 15:00:00,18.9,63,5.6,33.34666666666667,37.00000000000003,98.09,21.56,3.0,0.266
2026-03-22 16:00:00,18.1,66,7.7,36.34666666666667,41.00000000000003,93.62333333333333,24.56,3.0,0.366
2026-03-22 17:00:00,16.8,72,7.3,40.653333333333336,46.8866666666667,87.94333333333333,29.02,3.413333333333333,0.4646666666666667
2026-03-22 18:00:00,15.1,80,6.9,46.21333333333334,54.94000000000003,80.34333333333333,35.166666666666664,4.413333333333333,0.5646666666666668
2026-03-22 19:00:00,13.4,88,7.5,52.006666666666675,63.2666666666667,74.10333333333334,41.166666666666664,4.413333333333333,0.6586666666666667
2026-03-22 20:00:00,11.9,94,2.4,56.226666666666674,69.12666666666671,69.39,45.53333333333333,4.413333333333333,0.7473333333333334
2026-03-22 21:00:00,10.8,98,4.7,58.23333333333334,72.16666666666671,67.39,47.60666666666666,4.413333333333333,0.84
2026-03-22 22:00:00,10.1,100,3.6,60.24666666666668,75.20666666666672,65.85,49.67999999999999,4.413333333333333,0.9186666666666666
2026-03-22 23:00:00,9.7,100,7.5,61.873333333333335,81.87333333333333,62.0,37.986666666666665,2.0,0.4906666666666667
2026-03-23 00:00:00,9.4,100,10.5,62.74666666666667,83.11333333333333,61.0,38.97333333333333,2.0,0.4946666666666667
2026-03-23 01:00:00,9.2,100,10.1,63.57333333333334,84.15333333333334,60.0,39.959999999999994,2.0,0.55
2026-03-23 02:00:00,9.0,100,7.6,64.4,85.08666666666667,59.013333333333335,40.93999999999999,2.0,0.5613333333333334
2026-03-23 03:00:00,8.9,100,7.3,65.24666666666667,85.22666666666667,58.02666666666667,40.993333333333325,2.0,0.606
2026-03-23 04:00:00,9.1,100,5.0,64.15333333333334,85.11333333333334,58.56666666666667,40.30666666666666,2.0,0.506
2026-03-23 05:00:00,9.7,99,4.5,60.96,82.53333333333335,61.92,37.43999999999999,2.0,0.4226666666666667
2026-03-23 06:00:00,10.9,92,4.6,56.96,77.92666666666668,68.72,32.71999999999999,2.0,0.3393333333333334
2026-03-23 07:00:00,12.5,85,5.8,52.96,69.82666666666668,75.52,27.999999999999993,2.0,0.25800000000000006
2026-03-23 08:00:00,14.1,78,4.7,48.96,61.71333333333335,82.32,23.22666666666666,2.1866666666666665,0.18066666666666675
2026-03-23 09:00:00,15.7,71,3.1,44.96,53.493333333333354,89.22,18.453333333333326,2.373333333333333,0.10333333333333342
2026-03-23 10:00:00,17.1,65,2.4,40.96,45.40666666666669,96.2,13.679999999999993,2.5599999999999996,0.026000000000000086
2026-03-23 11:00:00,18.2,60,5.5,36.96,41.10666666666669,91.45,24.483333333333334,2.6599999999999997,0.3
2026-03-23 12:00:00,18.9,57,8.2,33.766666666666666,36.880000000000024,95.43,22.2,2.76,0.26
2026-03-23 13:00:00,19.2,56,10.8,32.766666666666666,34.593333333333355,98.65,21.2,2.8066666666666666,0.25
2026-03-23 14:00:00,19.3,55,12.2,32.38,34.44000000000002,98.81666666666668,20.56,2.8533333333333335,0.22133333333333335
2026-03-23 15:00:00,19.0,57,12.5,33.38,36.36666666666669,97.81666666666668,21.56,2.9000000000000004,0.2566666666666667
2026-03-23 16:00:00,18.2,60,12.4,36.38,40.36666666666669,93.35000000000001,24.56,2.9933333333333336,0.3566666666666667
2026-03-23 17:00:00,16.9,66,12.5,40.68666666666667,46.14000000000002,87.79,29.02,3.406666666666667,0.45533333333333337
2026-03-23 18:00:00,15.2,74,11.1,46.22666666666667,54.32666666666669,80.19666666666667,35.166666666666664,3.406666666666667,0.5553333333333333
2026-03-23 19:00:00,13.5,82,9.5,52.03333333333333,62.65333333333336,73.95666666666668,41.166666666666664,3.406666666666667,0.5733333333333334
2026-03-23 20:00:00,12.0,88,8.9,56.22666666666667,68.51333333333336,69.05666666666667,45.50666666666666,3.406666666666667,0.5853333333333334
2026-03-23 21:00:00,10.9,92,10.9,58.27333333333333,71.55333333333337,67.05666666666667,47.57999999999999,3.406666666666667,0.6753333333333333
2026-03-23 22:00:00,10.2,96,8.7,60.32,74.59333333333338,65.05666666666667,49.65333333333332,3.406666666666667,0.7486666666666667
2026-03-23 23:00:00,9.8,98,7.1,62.86666666666667,83.92,61.0,37.986666666666665,2.0,0.48733333333333334
2026-03-24 00:00:00,9.5,100,5.6,63.72666666666667,85.07333333333334,60.0,38.97333333333333,2.0,0.5106666666666666
2026-03-24 01:00:00,9.3,100,3.6,64.58,86.11333333333334,59.0,39.959999999999994,2.0,0.5573333333333332
2026-03-24 02:00:00,9.1,100,3.0,65.39333333333333,87.07333333333334,58.0,40.94666666666666,2.0,0.5706666666666667
2026-03-24 03:00:00,9.0,100,2.4,66.22666666666666,87.21333333333334,57.013333333333335,40.99999999999999,2.0,0.6653333333333332
2026-03-24 04:00:00,9.2,100,1.6,65.13333333333333,87.10000000000001,57.553333333333335,40.30666666666666,2.0,0.5653333333333332
2026-03-24 05:00:00,9.8,99,1.3,61.93999999999999,84.52000000000001,60.906666666666666,37.43999999999999,2.0,0.46533333333333327
2026-03-24 06:00:00,11.0,92,2.3,57.93999999999999,79.91333333333334,67.70666666666666,32.71999999999999,2.0,0.38199999999999995
2026-03-24 07:00:00,12.6,85,3.6,53.93999999999999,71.81333333333335,74.50666666666666,27.999999999999993,2.0,0.30066666666666664
2026-03-24 08:00:00,14.2,78,4.3,49.93999999999999,63.713333333333345,81.30666666666666,23.22666666666666,2.0,0.21933333333333332
2026-03-24 09:00:00,15.8,71,4.4,45.93999999999999,55.49333333333335,88.20666666666666,18.453333333333326,2.0,0.142
2026-03-24 10:00:00,17.2,65,2.2,41.93999999999999,47.48000000000001,95.18666666666667,13.679999999999993,2.1733333333333333,0.06466666666666668
2026-03-24 11:00:00,18.3,60,1.3,37.93999999999999,43.253333333333345,91.45,24.483333333333334,2.2733333333333334,0.3
2026-03-24 12:00:00,19.0,57,1.1,34.746666666666655,39.10000000000001,95.46333333333334,22.2,2.3733333333333335,0.26
2026-03-24 13:00:00,19.3,56,4.0,33.746666666666655,36.87333333333334,98.71666666666667,21.2,2.4200000000000004,0.25
2026-03-24 14:00:00,19.4,55,7.9,33.35999999999999,36.720000000000006,98.88333333333334,20.56,2.4666666666666672,0.22066666666666665
2026-03-24 15:00:00,19.1,57,9.2,34.35999999999999,38.646666666666675,97.88333333333334,21.56,2.513333333333334,0.256
2026-03-24 16:00:00,18.3,60,10.5,37.35999999999999,42.646666666666675,93.41666666666667,24.56,2.6066666666666674,0.356
2026-03-24 17:00:00,17.0,66,10.7,41.673333333333325,48.27333333333334,87.85666666666667,29.02,3.0066666666666673,0.45466666666666666
2026-03-24 18:00:00,15.3,74,8.6,47.206666666666656,56.46000000000001,80.17,35.166666666666664,3.0066666666666673,0.5546666666666668
2026-03-24 19:00:00,13.6,82,9.4,53.01333333333332,64.78666666666668,73.93,41.166666666666664,3.0066666666666673,0.5733333333333334
2026-03-24 20:00:00,12.1,88,9.2,57.22666666666665,70.64666666666668,69.03,45.50666666666666,3.0066666666666673,0.5853333333333334
2026-03-24 21:00:00,11.0,92,8.5,59.27333333333332,73.68666666666668,67.03,47.57999999999999,3.0066666666666673,0.6753333333333333
2026-03-24 22:00:00,10.3,96,7.6,61.319999999999986,76.72666666666669,65.03,49.65333333333332,3.0066666666666673,0.7486666666666667
2026-03-24 23:00:00,9.9,98,9.0,63.86,85.92,60.0,37.986666666666665,2.0,0.48733333333333334
2026-03-25 00:00:00,9.6,100,10.2,64.72,87.07333333333334,59.0,38.97333333333333,2.0,0.5106666666666666
2026-03-25 01:00:00,9.4,100,8.0,65.58,88.11333333333334,58.0,39.959999999999994,2.0,0.5573333333333332
2026-03-25 02:00:00,9.2,100,4.5,66.40666666666667,89.07333333333334,57.0,40.94666666666666,2.0,0.5706666666666667
2026-03-25 03:00:00,9.1,100,2.5,67.26,89.21333333333334,56.013333333333335,40.99999999999999,2.0,0.6653333333333332
2026-03-25 04:00:00,9.3,100,0.0,66.16666666666667,89.10000000000001,56.553333333333335,40.30666666666666,2.0,0.5653333333333332
2026-03-25 05:00:00,9.9,99,1.9,62.973333333333336,86.52000000000001,59.906666666666666,37.43999999999999,2.0,0.46533333333333327
2026-03-25 06:00:00,11.1,92,1.8,58.973333333333336,81.91333333333334,66.70666666666666,32.71999999999999,2.0,0.38199999999999995
2026-03-25 07:00:00,12.7,85,4.8,54.973333333333336,73.81333333333335,73.50666666666666,27.999999999999993,2.0,0.30066666666666664
2026-03-25 08:00:00,14.3,78,6.3,50.973333333333336,65.71333333333335,80.30666666666666,23.22666666666666,2.0,0.21933333333333332
2026-03-25 09:00:00,15.9,71,4.1,46.973333333333336,57.493333333333354,87.20666666666666,18.453333333333326,2.0,0.142
2026-03-25 10:00:00,17.3,65,5.9,42.973333333333336,49.486666666666686,94.18666666666667,13.679999999999993,2.1733333333333333,0.06466666666666668
2026-03-25 11:00:00,18.4,60,6.9,38.973333333333336,45.26000000000002,91.45,24.483333333333334,2.2733333333333334,0.3
2026-03-25 12:00:00,19.1,57,5.8,35.78,41.10666666666668,95.46333333333334,22.2,2.3733333333333335,0.26
2026-03-25 13:00:00,19.4,56,4.0,34.78,38.88000000000002,98.71666666666667,21.2,2.4200000000000004,0.25
2026-03-25 14:00:00,19.5,55,7.4,34.39333333333334,38.72666666666668,98.88333333333334,20.56,2.4666666666666672,0.22066666666666665
2026-03-25 15:00:00,19.2,57,8.9,35.39333333333334,40.65333333333335,97.88333333333334,21.56,2.513333333333334,0.256
2026-03-25 16:00:00,18.4,60,10.6,38.39333333333334,44.65333333333335,93.41666666666667,24.56,2.6066666666666674,0.356
2026-03-25 17:00:00,17.1,66,12.1,42.70666666666667,50.280000000000015,87.85666666666667,29.02,3.0066666666666673,0.45466666666666666
2026-03-25 18:00:00,15.4,74,9.7,48.24,58.46666666666668,80.17,35.166666666666664,3.0066666666666673,0.5546666666666668
2026-03-25 19:00:00,13.7,82,2.4,54.04666666666667,66.79333333333335,73.93,41.166666666666664,3.0066666666666673,0.5733333333333334
2026-03-25 20:00:00,12.2,88,0.9,58.26,72.77333333333335,69.03,45.50666666666666,3.0066666666666673,0.5853333333333334
2026-03-25 21:00:00,11.1,92,2.5,60.306666666666665,75.81333333333336,67.03,47.57999999999999,3.0066666666666673,0.6753333333333333
2026-03-25 22:00:00,10.4,96,0.4,62.32666666666667,78.85333333333337,65.03,49.65333333333332,3.0066666666666673,0.7486666666666667
2026-03-25 23:00:00,10.0,98,3.1,64.84,87.92,59.0,37.986666666666665,2.0,0.48733333333333334
2026-03-26 00:00:00,9.7,100,2.7,65.7,89.07333333333334,58.0,38.97333333333333,2.0,0.5106666666666666
2026-03-26 01:00:00,9.5,100,5.2,66.55333333333334,90.11333333333334,57.0,39.959999999999994,2.0,0.5573333333333332
2026-03-26 02:00:00,9.3,100,7.2,67.38666666666667,91.07333333333334,56.0,40.94666666666666,2.0,0.5706666666666667
2026-03-26 03:00:00,9.2,100,9.3,68.24000000000001,91.21333333333334,55.013333333333335,40.99999999999999,2.0,0.6653333333333332
2026-03-26 04:00:00,9.4,100,8.8,67.14666666666668,91.10000000000001,55.553333333333335,40.30666666666666,2.0,0.5653333333333332
2026-03-26 05:00:00,10.0,99,8.5,63.95333333333334,88.52000000000001,58.906666666666666,37.43999999999999,2.0,0.46533333333333327
2026-03-26 06:00:00,11.2,92,8.7,59.95333333333334,83.91333333333334,65.70666666666666,32.71999999999999,2.0,0.38199999999999995
2026-03-26 07:00:00,12.8,85,10.3,55.95333333333334,75.81333333333335,72.50666666666666,27.999999999999993,2.0,0.30066666666666664
2026-03-26 08:00:00,14.4,78,10.4,51.95333333333334,67.71333333333335,79.30666666666666,23.22666666666666,2.0,0.21933333333333332
2026-03-26 09:00:00,16.0,71,11.2,47.95333333333334,59.493333333333354,86.20666666666666,18.453333333333326,2.0,0.142
2026-03-26 10:00:00,17.4,65,10.2,43.95333333333334,51.486666666666686,93.18666666666667,13.679999999999993,2.1733333333333333,0.06466666666666668
2026-03-26 11:00:00,18.5,60,9.4,39.95333333333334,47.26000000000002,91.45,24.483333333333334,2.2733333333333334,0.3
2026-03-26 12:00:00,19.2,57,8.6,36.760000000000005,43.10666666666668,95.46333333333334,22.2,2.3733333333333335,0.26
2026-03-26 13:00:00,19.5,56,7.3,35.760000000000005,40.88000000000002,98.71666666666667,21.2,2.4200000000000004,0.25
2026-03-26 14:00:00,19.6,55,5.2,35.37333333333334,40.72666666666668,98.88333333333334,20.56,2.4666666666666672,0.22066666666666665
2026-03-26 15:00:00,19.3,57,2.3,36.37333333333334,42.65333333333335,97.88333333333334,21.56,2.513333333333334,0.256
2026-03-26 16:00:00,18.5,60,2.6,39.37333333333334,46.65333333333335,93.41666666666667,24.56,2.6066666666666674,0.356
2026-03-26 17:00:00,17.2,66,6.2,43.686666666666675,52.280000000000015,87.85666666666667,29.02,3.0066666666666673,0.45466666666666666
2026-03-26 18:00:00,15.5,74,5.7,49.220000000000006,60.46666666666668,80.17,35.166666666666664,3.0066666666666673,0.5546666666666668
2026-03-26 19:00:00,13.8,82,4.5,55.02666666666667,68.79333333333335,73.93,41.166666666666664,3.0066666666666673,0.5733333333333334
2026-03-26 20:00:00,12.3,88,4.9,59.24666666666667,74.78000000000002,69.05666666666667,45.50666666666666,3.0066666666666673,0.5853333333333334
2026-03-26 21:00:00,11.2,92,10.6,61.29333333333334,77.82000000000002,67.05666666666667,47.57999999999999,3.0066666666666673,0.6753333333333333
2026-03-26 22:00:00,10.5,96,19.7,63.300000000000004,80.86000000000003,65.07666666666667,49.65333333333332,3.0066666666666673,0.7486666666666667
2026-03-26 23:00:00,10.1,98,20.6,65.86,89.92,58.0,37.986666666666665,2.0,0.48733333333333334
2026-03-27 00:00:00,9.8,100,18.7,66.72,91.07333333333334,57.0,38.97333333333333,2.0,0.5106666666666666
2026-03-27 01:00:00,9.6,100,14.7,67.56,92.11333333333334,56.0,39.959999999999994,2.0,0.5586666666666666
2026-03-27 02:00:00,9.4,100,12.8,68.37333333333333,93.07333333333334,55.0,40.94666666666666,2.0,0.5733333333333333
2026-03-27 03:00:00,9.3,100,13.6,69.21333333333334,93.21333333333334,54.013333333333335,40.99999999999999,2.0,0.6679999999999999
2026-03-27 04:00:00,9.5,100,14.0,68.12,93.10000000000001,54.553333333333335,40.30666666666666,2.0,0.5679999999999998
2026-03-27 05:00:00,10.1,99,12.0,64.92666666666668,90.52000000000001,57.906666666666666,37.43999999999999,2.0,0.46799999999999986
2026-03-27 06:00:00,11.3,92,9.4,60.92666666666668,85.91333333333334,64.70666666666666,32.71999999999999,2.0,0.38466666666666655
2026-03-27 07:00:00,12.9,85,7.9,56.92666666666668,77.81333333333335,71.50666666666666,27.999999999999993,2.0,0.30333333333333323
2026-03-27 08:00:00,14.5,78,6.9,52.92666666666668,69.71333333333335,78.30666666666666,23.22666666666666,2.0,0.22199999999999995
2026-03-27 09:00:00,16.1,71,5.2,48.92666666666668,61.493333333333354,85.20666666666666,18.453333333333326,2.0,0.14466666666666664
2026-03-27 10:00:00,17.5,65,7.6,44.92666666666668,53.486666666666686,92.17333333333333,13.679999999999993,2.1733333333333333,0.0673333333333333
2026-03-27 11:00:00,18.6,60,6.8,40.92666666666668,49.26000000000002,91.45,24.483333333333334,2.2733333333333334,0.3
2026-03-27 12:00:00,19.3,57,4.8,37.73333333333334,45.10666666666668,95.46333333333334,22.2,2.3733333333333335,0.26
2026-03-27 13:00:00,19.6,56,4.5,36.73333333333334,42.88000000000002,98.71666666666667,21.2,2.4200000000000004,0.25
2026-03-27 14:00:00,19.7,55,7.1,36.34666666666668,42.72666666666668,98.88333333333334,20.56,2.4666666666666672,0.22066666666666665
2026-03-27 15:00:00,19.4,57,8.6,37.34666666666668,44.65333333333335,97.88333333333334,21.56,2.513333333333334,0.256
2026-03-27 16:00:00,18.6,60,8.5,40.34666666666668,48.65333333333335,93.41666666666667,24.56,2.6066666666666674,0.356
2026-03-27 17:00:00,17.3,66,11.2,44.66000000000001,54.280000000000015,87.85666666666667,29.02,3.0066666666666673,0.45466666666666666
2026-03-27 18:00:00,15.6,74,11.8,50.19333333333334,62.46666666666668,80.17,35.166666666666664,3.0066666666666673,0.5546666666666668
2026-03-27 19:00:00,13.9,82,12.8,56.00000000000001,70.79333333333335,73.93,41.166666666666664,3.0066666666666673,0.5733333333333334
2026-03-27 20:00:00,12.4,88,12.4,60.24000000000001,76.78000000000002,69.05666666666667,45.50666666666666,3.0066666666666673,0.5853333333333334
2026-03-27 21:00:00,11.3,92,12.0,62.286666666666676,79.82000000000002,67.05666666666667,47.57999999999999,3.0066666666666673,0.6753333333333333
2026-03-27 22:00:00,10.6,96,11.3,64.30000000000001,82.86000000000003,65.05666666666667,49.65333333333332,3.0066666666666673,0.7486666666666667
2026-03-27 23:00:00,10.2,98,10.4,66.84666666666666,91.92,57.0,37.986666666666665,2.0,0.48733333333333334
2026-03-28 00:00:00,9.9,100,8.6,67.69333333333333,93.07333333333334,56.0,38.97333333333333,2.0,0.5106666666666666
2026-03-28 01:00:00,9.7,100,4.2,68.53999999999999,94.11333333333334,55.0,39.959999999999994,2.0,0.5573333333333332
2026-03-28 02:00:00,9.5,100,1.4,69.35333333333332,95.07333333333334,54.0,40.94666666666666,2.0,0.5706666666666667
2026-03-28 03:00:00,9.4,100,0.4,70.16666666666666,95.21333333333334,53.013333333333335,40.99999999999999,2.0,0.6653333333333332
2026-03-28 04:00:00,9.6,100,0.3,69.07333333333332,95.10000000000001,53.553333333333335,40.30666666666666,2.0,0.5653333333333332
2026-03-28 05:00:00,10.2,99,1.6,65.88,92.52000000000001,56.906666666666666,37.40666666666666,1.9933333333333334,0.46533333333333327
2026-03-28 06:00:00,11.4,92,3.1,61.879999999999995,87.91333333333334,63.70666666666666,32.68666666666666,1.9933333333333334,0.38199999999999995
2026-03-28 07:00:00,13.0,85,4.2,57.879999999999995,79.81333333333335,70.50666666666666,27.96666666666666,1.9933333333333334,0.30066666666666664
2026-03-28 08:00:00,14.6,78,2.9,53.879999999999995,71.71333333333335,77.30666666666666,23.193333333333328,1.9933333333333334,0.21933333333333332
2026-03-28 09:00:00,16.2,71,2.9,49.879999999999995,63.493333333333354,84.20666666666666,18.419999999999995,1.9933333333333334,0.142
2026-03-28 10:00:00,17.6,65,3.5,45.879999999999995,55.486666666666686,91.13333333333333,13.646666666666661,2.166666666666667,0.06466666666666668
2026-03-28 11:00:00,18.7,60,2.0,41.879999999999995,51.26000000000002,91.45,24.483333333333334,2.266666666666667,0.3
2026-03-28 12:00:00,19.4,57,4.7,38.68666666666666,47.10666666666668,95.46333333333334,22.2,2.366666666666667,0.26
2026-03-28 13:00:00,19.7,56,8.3,37.68666666666666,44.88000000000002,98.71666666666667,21.2,2.413333333333334,0.25
2026-03-28 14:00:00,19.8,55,10.0,37.3,44.72666666666668,98.88333333333334,20.56,2.460000000000001,0.22066666666666665
2026-03-28 15:00:00,19.5,57,10.8,38.3,46.65333333333335,97.88333333333334,21.56,2.5066666666666677,0.256
2026-03-28 16:00:00,18.7,60,11.8,41.3,50.65333333333335,93.41666666666667,24.56,2.600000000000001,0.356
2026-03-28 17:00:00,17.4,66,11.6,45.61333333333333,56.280000000000015,87.85666666666667,29.02,3.000000000000001,0.45466666666666666
2026-03-28 18:00:00,15.7,74,8.2,51.14666666666666,64.46666666666668,80.17,35.166666666666664,3.000000000000001,0.5546666666666668
2026-03-28 19:00:00,14.0,82,5.5,56.953333333333326,72.79333333333335,73.93,41.166666666666664,3.000000000000001,0.5733333333333334
2026-03-28 20:00:00,12.5,88,1.0,61.206666666666656,78.78000000000002,69.05666666666667,45.50666666666666,3.000000000000001,0.5853333333333334
2026-03-28 21:00:00,11.4,92,3.5,63.23999999999999,81.82000000000002,67.05666666666667,47.57999999999999,3.000000000000001,0.6753333333333333
2026-03-28 22:00:00,10.7,96,1.6,65.28666666666666,84.86000000000003,65.05666666666667,49.65333333333332,3.000000000000001,0.7486666666666667
2026-03-28 23:00:00,10.3,98,0.8,67.84666666666666,93.92,56.0,37.986666666666665,2.0,0.48733333333333334
2026-03-29 00:00:00,10.0,100,0.6,68.67999999999999,95.07333333333334,55.0,38.97333333333333,2.0,0.5106666666666666
2026-03-29 01:00:00,9.8,100,0.3,69.50666666666666,96.11333333333334,54.00666666666667,39.959999999999994,2.0,0.5573333333333332
2026-03-29 02:00:00,9.6,100,0.2,70.3,97.07333333333334,53.03333333333333,40.94666666666666,2.0,0.5706666666666667
2026-03-29 03:00:00,9.5,100,1.5,71.16,97.21333333333334,52.06666666666666,40.99999999999999,2.0,0.662
2026-03-29 04:00:00,9.7,100,4.4,70.06666666666666,97.10000000000001,52.60666666666666,40.30666666666666,2.0,0.562
2026-03-29 05:00:00,10.3,99,4.0,66.87333333333333,94.52000000000001,55.959999999999994,37.43999999999999,2.0,0.462
2026-03-29 06:00:00,11.5,92,3.9,62.873333333333335,89.91333333333334,62.75999999999999,32.71999999999999,2.0,0.3786666666666667
2026-03-29 07:00:00,13.1,85,3.6,58.873333333333335,81.81333333333335,69.55999999999999,27.999999999999993,2.0,0.2973333333333334
2026-03-29 08:00:00,14.7,78,3.3,54.873333333333335,73.71333333333335,76.35999999999999,23.22666666666666,2.0,0.21600000000000005
2026-03-29 09:00:00,16.3,71,2.7,50.873333333333335,65.50000000000001,83.25999999999999,18.453333333333326,2.0,0.13866666666666674
2026-03-29 10:00:00,17.7,65,4.4,46.873333333333335,57.49333333333335,90.18666666666665,13.679999999999993,2.1733333333333333,0.06133333333333341
2026-03-29 11:00:00,18.8,60,3.6,42.873333333333335,53.26666666666668,91.45,24.483333333333334,2.2733333333333334,0.3
2026-03-29 12:00:00,19.5,57,4.0,39.68,49.113333333333344,95.46333333333334,22.2,2.3733333333333335,0.26
2026-03-29 13:00:00,19.8,56,2.7,38.68,46.88666666666668,98.71666666666667,21.2,2.4200000000000004,0.25
2026-03-29 14:00:00,19.9,55,1.8,38.29333333333334,46.73333333333334,98.88333333333334,20.56,2.4666666666666672,0.22066666666666665
2026-03-29 15:00:00,19.6,57,2.4,39.29333333333334,48.66000000000001,97.88333333333334,21.56,2.513333333333334,0.256
2026-03-29 16:00:00,18.8,60,2.3,42.29333333333334,52.66000000000001,93.41666666666667,24.56,2.6066666666666674,0.356
2026-03-29 17:00:00,17.5,66,20.3,46.60666666666667,58.286666666666676,87.85666666666667,29.02,3.0066666666666673,0.45466666666666666
2026-03-29 18:00:00,15.8,74,20.6,52.14,66.47333333333334,80.17,35.166666666666664,3.0066666666666673,0.5546666666666668
2026-03-29 19:00:00,14.1,82,21.1,57.946666666666665,74.80000000000001,73.93,41.166666666666664,3.0066666666666673,0.5733333333333334
2026-03-29 20:00:00,12.6,88,18.4,62.199999999999996,80.78666666666668,69.05666666666667,45.50666666666666,3.0066666666666673,0.5853333333333334
2026-03-29 21:00:00,11.5,92,13.1,64.24666666666667,83.82666666666668,67.05666666666667,47.57999999999999,3.0066666666666673,0.6753333333333333
2026-03-29 22:00:00,10.8,96,15.0,66.29333333333334,86.86666666666669,65.05666666666667,49.65333333333332,3.0066666666666673,0.7486666666666667
2026-03-29 23:00:00,10.4,98,10.4,68.84666666666666,95.92,55.0,37.986666666666665,2.0,0.48733333333333334
2026-03-30 00:00:00,10.1,100,6.4,69.69333333333333,97.07333333333334,54.0,38.97333333333333,2.0,0.5106666666666666
2026-03-30 01:00:00,9.9,100,5.9,70.54666666666667,98.11333333333334,53.0,39.959999999999994,2.0,0.5573333333333332
2026-03-30 02:00:00,9.7,100,4.6,71.36666666666666,99.07333333333334,52.0,40.94666666666666,2.0,0.5706666666666667
2026-03-30 03:00:00,9.6,100,5.9,72.21333333333332,99.21333333333334,51.013333333333335,40.99999999999999,2.0,0.6653333333333332
2026-03-30 04:00:00,9.8,100,6.1,71.11999999999999,99.10000000000001,51.553333333333335,40.30666666666666,2.0,0.5653333333333332
2026-03-30 05:00:00,10.4,99,7.7,67.92666666666666,96.52000000000001,54.906666666666666,37.43999999999999,2.0,0.46533333333333327
2026-03-30 06:00:00,11.6,92,9.2,63.92666666666666,91.91333333333334,61.70666666666666,32.71999999999999,2.0,0.38199999999999995
2026-03-30 07:00:00,13.2,85,9.8,59.92666666666666,83.81333333333335,68.50666666666666,27.999999999999993,2.0,0.30066666666666664
2026-03-30 08:00:00,14.8,78,6.9,55.92666666666666,75.71333333333335,75.30666666666666,23.22666666666666,2.0,0.21933333333333332
2026-03-30 09:00:00,16.4,71,9.7,51.92666666666666,67.50666666666669,82.20666666666666,18.453333333333326,2.0,0.142
2026-03-30 10:00:00,17.8,65,11.3,47.92666666666666,59.50000000000002,89.13333333333333,13.679999999999993,2.1733333333333333,0.06466666666666668
2026-03-30 11:00:00,18.9,60,8.7,43.92666666666666,55.273333333333355,91.45,24.483333333333334,2.2733333333333334,0.3
2026-03-30 12:00:00,19.6,57,5.8,40.73333333333333,51.12000000000002,95.46333333333334,22.2,2.3733333333333335,0.26
2026-03-30 13:00:00,19.9,56,3.0,39.73333333333333,48.89333333333335,98.71666666666667,21.2,2.4200000000000004,0.25
2026-03-30 14:00:00,20.0,55,3.2,39.346666666666664,48.740000000000016,98.88333333333334,20.56,2.4666666666666672,0.22066666666666665
2026-03-30 15:00:00,19.7,57,6.9,40.346666666666664,50.666666666666686,97.88333333333334,21.56,2.513333333333334,0.256
2026-03-30 16:00:00,18.9,60,11.7,43.346666666666664,54.666666666666686,93.41666666666667,24.56,2.6066666666666674,0.356
2026-03-30 17:00:00,17.6,66,15.0,47.66,60.29333333333335,87.85666666666667,29.02,3.0066666666666673,0.45466666666666666
2026-03-30 18:00:00,15.9,74,13.3,53.19333333333333,68.48000000000002,80.17,35.166666666666664,3.0066666666666673,0.5546666666666668
2026-03-30 19:00:00,14.2,82,9.6,58.99999999999999,76.80666666666669,73.93,41.166666666666664,3.0066666666666673,0.5733333333333334
2026-03-30 20:00:00,12.7,88,6.0,63.25333333333332,82.79333333333335,69.05666666666667,45.50666666666666,3.0066666666666673,0.5853333333333334
2026-03-30 21:00:00,11.6,92,7.9,65.29999999999998,85.83333333333336,67.05666666666667,47.57999999999999,3.0066666666666673,0.6753333333333333
2026-03-30 22:00:00,10.9,96,6.8,67.33333333333331,88.87333333333336,65.05666666666667,49.65333333333332,3.0066666666666673,0.7486666666666667
2026-03-30 23:00:00,10.5,98,8.5,69.84,97.92,54.0,37.986666666666665,2.0,0.48733333333333334
2026-03-31 00:00:00,10.2,100,8.5,70.68,99.07333333333334,53.0,38.97333333333333,2.0,0.5106666666666666
2026-03-31 01:00:00,10.0,100,8.6,71.52000000000001,100.11333333333334,52.0,39.959999999999994,2.0,0.5573333333333332
2026-03-31 02:00:00,9.8,100,8.1,72.32666666666668,101.07333333333334,51.0,40.94666666666666,2.0,0.5706666666666667
2026-03-31 03:00:00,9.7,100,7.1,73.15333333333335,101.21333333333334,50.013333333333335,40.99999999999999,2.0,0.6653333333333332
2026-03-31 04:00:00,9.9,100,5.8,72.06000000000002,101.10000000000001,50.553333333333335,40.30666666666666,2.0,0.5653333333333332
2026-03-31 05:00:00,10.5,99,5.4,68.86666666666669,98.52000000000001,53.906666666666666,37.43999999999999,2.0,0.46533333333333327
2026-03-31 06:00:00,11.7,92,7.1,64.86666666666669,93.91333333333334,60.70666666666666,32.71999999999999,2.0,0.38199999999999995
2026-03-31 07:00:00,13.3,85,4.5,60.86666666666669,85.81333333333335,67.50666666666666,27.999999999999993,2.0,0.30066666666666664
2026-03-31 08:00:00,14.9,78,3.0,56.86666666666669,77.71333333333335,74.30666666666666,23.22666666666666,2.0,0.21933333333333332
2026-03-31 09:00:00,16.5,71,1.1,52.86666666666669,69.51333333333335,81.20666666666666,18.453333333333326,2.0,0.142
2026-03-31 10:00:00,17.9,65,2.7,48.86666666666669,61.50666666666668,88.13333333333333,13.679999999999993,2.1733333333333333,0.06466666666666668
2026-03-31 11:00:00,19.0,60,1.0,44.86666666666669,57.280000000000015,91.45,24.483333333333334,2.2733333333333334,0.3
2026-03-31 12:00:00,19.7,57,4.1,41.67333333333335,53.12666666666668,95.46333333333334,22.2,2.3733333333333335,0.26
2026-03-31 13:00:00,20.0,56,3.1,40.67333333333335,50.90000000000001,98.71666666666667,21.2,2.4200000000000004,0.25
2026-03-31 14:00:00,20.1,55,5.4,40.28666666666669,50.74666666666668,98.88333333333334,20.56,2.4666666666666672,0.22066666666666665
2026-03-31 15:00:00,19.8,57,6.4,41.28666666666669,52.673333333333346,97.88333333333334,21.56,2.513333333333334,0.256
2026-03-31 16:00:00,19.0,60,8.1,44.28666666666669,56.673333333333346,93.41666666666667,24.56,2.6066666666666674,0.356
2026-03-31 17:00:00,17.7,66,11.8,48.60000000000002,62.30000000000001,87.85666666666667,29.02,3.0066666666666673,0.45466666666666666
2026-03-31 18:00:00,16.0,74,12.6,54.133333333333354,70.48666666666668,80.17,35.166666666666664,3.0066666666666673,0.5546666666666668
2026-03-31 19:00:00,14.3,82,13.3,59.94000000000002,78.81333333333335,73.93,41.166666666666664,3.0066666666666673,0.5733333333333334
2026-03-31 20:00:00,12.8,88,7.2,64.19333333333336,84.80000000000001,69.05666666666667,45.50666666666666,3.0066666666666673,0.5853333333333334
2026-03-31 21:00:00,11.7,92,5.2,66.24000000000002,87.84000000000002,67.05666666666667,47.57999999999999,3.0066666666666673,0.6753333333333333
2026-03-31 22:00:00,11.0,96,1.3,68.28666666666669,90.88000000000002,65.05666666666667,49.65333333333332,3.0066666666666673,0.7486666666666667
2026-03-31 23:00:00,10.6,98,3.7,70.87333333333333,99.92,53.0,37.986666666666665,2.0,0.48733333333333334
