datetime,PM2.5,PM10,O3,NO2,SO2,CO,PM2.5_pred,PM10_pred,O3_pred,NO2_pred,SO2_pred,CO_pred,True_AQI,Pred_AQI,活动建议
2026-03-01 00:00:00,42.0,65.0,78.0,39.0,2.0,0.4,74.16794,107.25766,36.190956,72.451416,2.9955711,1.0464294,59.0,99.0,良 (适量活动)
2026-03-01 01:00:00,40.0,62.0,80.0,37.0,2.0,0.4,74.85632,108.533264,35.301785,73.36207,2.99026,1.0983013,57.0,100.0,良 (适量活动)
2026-03-01 02:00:00,38.0,59.0,82.0,35.0,2.0,0.3,75.31216,109.406685,34.407795,74.01875,2.9867873,1.1342753,55.0,101.0,轻度污染 (敏感人群减少外出)
2026-03-01 03:00:00,36.0,56.0,84.0,33.0,2.0,0.3,75.82135,110.22915,33.75641,74.61297,2.9823852,1.1604121,53.0,102.0,轻度污染 (敏感人群减少外出)
2026-03-01 04:00:00,35.0,54.0,85.0,32.0,2.0,0.3,76.44046,110.93095,33.21865,75.184944,2.9807553,1.1769676,52.0,102.0,轻度污染 (敏感人群减少外出)
2026-03-01 05:00:00,36.0,56.0,83.0,33.0,2.0,0.3,77.147224,111.39405,32.936188,75.70942,2.980975,1.1804045,53.0,103.0,轻度污染 (敏感人群减少外出)
2026-03-01 06:00:00,38.0,59.0,80.0,35.0,2.0,0.4,77.66152,111.14571,32.937225,76.115746,2.9769423,1.165393,55.0,104.0,轻度污染 (敏感人群减少外出)
2026-03-01 07:00:00,41.0,64.0,75.0,38.0,2.0,0.4,77.593285,109.8021,33.288727,76.04915,2.9711394,1.1280873,58.0,104.0,轻度污染 (敏感人群减少外出)
2026-03-01 08:00:00,45.0,70.0,69.0,42.0,2.0,0.5,76.549805,107.693535,34.55755,74.76672,2.9840875,1.0694941,63.0,102.0,轻度污染 (敏感人群减少外出)
2026-03-01 09:00:00,50.0,78.0,62.0,47.0,2.0,0.5,74.452614,105.3355,36.678806,72.19542,3.0019166,1.0060233,69.0,100.0,良 (适量活动)
2026-03-01 10:00:00,55.0,86.0,55.0,52.0,3.0,0.6,72.93079,103.60103,38.645634,70.53697,2.9957366,0.9639336,75.0,98.0,良 (适量活动)
2026-03-01 11:00:00,60.0,94.0,49.0,57.0,3.0,0.7,72.08902,102.37798,40.080463,69.5533,2.9557278,0.9443142,82.0,97.0,良 (适量活动)
2026-03-01 12:00:00,64.0,101.0,44.0,61.0,3.0,0.7,71.880356,101.65296,40.4144,69.27314,2.9322178,0.94221824,87.0,97.0,良 (适量活动)
2026-03-01 13:00:00,67.0,106.0,41.0,64.0,3.0,0.8,72.10095,101.57127,39.647636,69.69554,2.9251494,0.95368487,90.0,97.0,良 (适量活动)
2026-03-01 14:00:00,68.0,108.0,40.0,65.0,3.0,0.8,72.42114,101.87076,39.30074,69.98494,2.9445786,0.95948195,92.0,97.0,良 (适量活动)
2026-03-01 15:00:00,67.0,106.0,41.0,64.0,3.0,0.8,72.80714,102.23432,39.036343,70.45835,2.9587305,0.96657413,90.0,98.0,良 (适量活动)
2026-03-01 16:00:00,64.0,101.0,44.0,61.0,3.0,0.7,72.9028,102.84127,39.269558,70.70397,2.9639485,0.9641584,87.0,98.0,良 (适量活动)
2026-03-01 17:00:00,59.0,93.0,50.0,56.0,3.0,0.6,73.032524,103.518814,39.39795,71.05725,2.9720082,0.96405405,80.0,98.0,良 (适量活动)
2026-03-01 18:00:00,53.0,84.0,57.0,50.0,3.0,0.6,73.42744,104.37414,39.203697,71.67225,2.9835217,0.9706863,73.0,99.0,良 (适量活动)
2026-03-01 19:00:00,48.0,76.0,64.0,45.0,2.0,0.5,74.11909,105.27654,38.65204,72.588974,2.9918168,0.9863715,67.0,99.0,良 (适量活动)
2026-03-01 20:00:00,44.0,70.0,70.0,41.0,2.0,0.5,74.98312,106.19529,37.9166,73.64378,2.9962032,1.0077728,62.0,100.0,良 (适量活动)
2026-03-01 21:00:00,41.0,65.0,75.0,38.0,2.0,0.4,75.87249,107.060684,37.244106,74.68148,2.9984872,1.0298659,58.0,102.0,轻度污染 (敏感人群减少外出)
2026-03-01 22:00:00,39.0,61.0,79.0,36.0,2.0,0.4,76.59337,107.73964,36.66657,75.41442,2.998325,1.0525272,56.0,102.0,轻度污染 (敏感人群减少外出)
2026-03-01 23:00:00,38.0,59.0,81.0,35.0,2.0,0.3,76.15936,107.27107,35.34001,75.805504,2.9531446,1.0959895,55.0,102.0,轻度污染 (敏感人群减少外出)
2026-03-02 00:00:00,37.0,57.0,83.0,34.0,2.0,0.3,76.771225,108.066,35.28404,76.18423,2.9706726,1.1029176,54.0,103.0,轻度污染 (敏感人群减少外出)
2026-03-02 01:00:00,36.0,55.0,85.0,33.0,2.0,0.3,77.29324,108.53536,35.117157,76.49973,2.9691687,1.1154965,53.0,103.0,轻度污染 (敏感人群减少外出)
2026-03-02 02:00:00,35.0,53.0,86.0,32.0,2.0,0.3,77.831795,109.02487,34.955128,76.76897,2.9745333,1.1208173,52.0,104.0,轻度污染 (敏感人群减少外出)
2026-03-02 03:00:00,35.0,53.0,86.0,32.0,2.0,0.3,77.83458,108.90306,34.556458,76.87725,2.969309,1.1137623,52.0,104.0,轻度污染 (敏感人群减少外出)
2026-03-02 04:00:00,36.0,55.0,84.0,33.0,2.0,0.3,77.39353,108.33787,34.65204,76.12492,2.9725573,1.0948762,53.0,103.0,轻度污染 (敏感人群减少外出)
2026-03-02 05:00:00,38.0,58.0,81.0,35.0,2.0,0.4,75.92223,107.358025,35.53793,74.1739,2.987871,1.0533206,54.0,102.0,轻度污染 (敏感人群减少外出)
2026-03-02 06:00:00,41.0,63.0,76.0,38.0,2.0,0.4,73.78201,105.86232,37.362217,71.56026,3.010327,0.9892861,58.0,99.0,良 (适量活动)
2026-03-02 07:00:00,46.0,71.0,68.0,43.0,2.0,0.5,71.572685,104.049545,39.644283,68.60599,3.0279648,0.91753656,64.0,96.0,良 (适量活动)
2026-03-02 08:00:00,52.0,80.0,60.0,49.0,3.0,0.6,68.717064,100.95779,42.456028,65.21728,2.8897605,0.8510714,72.0,93.0,良 (适量活动)
2026-03-02 09:00:00,58.0,89.0,53.0,55.0,3.0,0.7,64.153404,94.25523,48.340393,59.914917,2.1920404,0.7905293,79.0,87.0,良 (适量活动)
2026-03-02 10:00:00,63.0,97.0,47.0,60.0,3.0,0.8,58.78829,86.347984,57.669716,54.39271,2.0502794,0.662233,85.0,80.0,良 (适量活动)
2026-03-02 11:00:00,67.0,104.0,42.0,64.0,3.0,0.8,54.200787,78.84361,64.717384,50.200756,2.0652387,0.5665713,90.0,75.0,良 (适量活动)
2026-03-02 12:00:00,70.0,109.0,39.0,67.0,3.0,0.9,50.711372,73.613846,68.884575,47.197178,2.08731,0.4943525,94.0,70.0,良 (适量活动)
2026-03-02 13:00:00,71.0,111.0,38.0,68.0,3.0,0.9,50.301655,72.77654,69.88376,47.03023,2.051663,0.4789833,95.0,70.0,良 (适量活动)
2026-03-02 14:00:00,71.0,111.0,38.0,68.0,3.0,0.9,51.095573,73.53469,67.84749,48.007427,2.071965,0.49841544,95.0,71.0,良 (适量活动)
2026-03-02 15:00:00,70.0,109.0,39.0,67.0,3.0,0.9,54.24919,78.09481,64.53193,50.633858,2.5728283,0.54818654,94.0,75.0,良 (适量活动)
2026-03-02 16:00:00,67.0,104.0,42.0,64.0,3.0,0.8,60.928913,87.75503,56.42909,58.11857,3.0050924,0.6798489,90.0,83.0,良 (适量活动)
2026-03-02 17:00:00,62.0,96.0,48.0,59.0,3.0,0.7,65.19206,95.9757,48.881493,64.12979,3.0449488,0.7738,84.0,88.0,良 (适量活动)
2026-03-02 18:00:00,56.0,87.0,55.0,53.0,3.0,0.6,68.33565,100.88342,45.397175,67.23419,3.0354433,0.81685567,77.0,92.0,良 (适量活动)
2026-03-02 19:00:00,50.0,78.0,63.0,47.0,2.0,0.5,70.157875,103.28305,43.403103,69.08472,3.0303848,0.8552248,69.0,94.0,良 (适量活动)
2026-03-02 20:00:00,45.0,70.0,70.0,42.0,2.0,0.5,71.80084,105.035065,41.701473,70.7578,3.0302868,0.8970513,63.0,97.0,良 (适量活动)
2026-03-02 21:00:00,42.0,65.0,76.0,39.0,2.0,0.4,73.28018,106.60451,40.281788,72.00704,3.033525,0.94095016,59.0,98.0,良 (适量活动)
2026-03-02 22:00:00,40.0,61.0,80.0,37.0,2.0,0.4,74.3514,107.815674,38.821728,72.94653,3.0191503,0.99646103,57.0,100.0,良 (适量活动)
2026-03-02 23:00:00,39.0,59.0,82.0,36.0,2.0,0.3,74.42606,107.67335,38.107414,73.62822,2.9621959,1.0431658,55.0,100.0,良 (适量活动)
2026-03-03 00:00:00,38.0,57.0,84.0,35.0,2.0,0.3,75.33838,108.855415,37.453594,74.3212,2.9783082,1.0712955,54.0,101.0,轻度污染 (敏感人群减少外出)
2026-03-03 01:00:00,37.0,55.0,86.0,34.0,2.0,0.3,76.20133,109.88772,36.53982,75.03482,2.9791348,1.1078899,53.0,102.0,轻度污染 (敏感人群减少外出)
2026-03-03 02:00:00,36.0,53.0,87.0,33.0,2.0,0.3,77.255684,111.155014,35.544662,75.89399,2.9857557,1.1440276,52.0,103.0,轻度污染 (敏感人群减少外出)
2026-03-03 03:00:00,36.0,53.0,87.0,33.0,2.0,0.3,78.22615,111.99383,34.526203,76.73058,2.985017,1.1662742,52.0,105.0,轻度污染 (敏感人群减少外出)
2026-03-03 04:00:00,37.0,55.0,85.0,34.0,2.0,0.3,78.36179,111.55732,33.642372,77.19066,2.9691036,1.15891,53.0,105.0,轻度污染 (敏感人群减少外出)
2026-03-03 05:00:00,39.0,58.0,82.0,36.0,2.0,0.4,77.96091,110.219864,34.045467,76.868835,2.9761982,1.117726,55.0,104.0,轻度污染 (敏感人群减少外出)
2026-03-03 06:00:00,43.0,65.0,75.0,40.0,2.0,0.4,75.65486,108.36844,36.17376,74.17517,2.9879184,1.041271,60.0,101.0,轻度污染 (敏感人群减少外出)
2026-03-03 07:00:00,49.0,74.0,66.0,46.0,3.0,0.5,73.227585,106.20044,38.569065,71.06938,3.0179799,0.96439517,68.0,98.0,良 (适量活动)
2026-03-03 08:00:00,55.0,84.0,58.0,52.0,3.0,0.6,70.74763,103.9981,41.568424,67.465706,3.00763,0.88028985,75.0,95.0,良 (适量活动)
2026-03-03 09:00:00,61.0,93.0,50.0,58.0,3.0,0.7,66.57052,97.511765,46.670315,62.183487,2.3022604,0.8290651,83.0,90.0,良 (适量活动)
2026-03-03 10:00:00,66.0,101.0,44.0,63.0,3.0,0.8,60.652565,89.46264,55.062897,56.196655,2.0028996,0.6998107,89.0,83.0,良 (适量活动)
2026-03-03 11:00:00,70.0,108.0,39.0,67.0,3.0,0.8,54.975178,80.44156,63.03918,51.039814,2.0286927,0.58877534,94.0,75.0,良 (适量活动)
2026-03-03 12:00:00,72.0,112.0,37.0,69.0,3.0,0.9,51.182114,74.34582,68.288994,47.64,2.0618498,0.50930464,97.0,71.0,良 (适量活动)
2026-03-03 13:00:00,73.0,114.0,36.0,70.0,4.0,0.9,50.257534,72.50489,70.40785,46.82531,2.0554442,0.47969973,98.0,70.0,良 (适量活动)
2026-03-03 14:00:00,73.0,114.0,36.0,70.0,4.0,0.9,51.177887,73.41248,69.09271,47.67206,2.070426,0.490472,98.0,71.0,良 (适量活动)
2026-03-03 15:00:00,72.0,112.0,37.0,69.0,4.0,0.9,53.93514,77.4386,65.90447,49.91712,2.490934,0.5409431,97.0,74.0,良 (适量活动)
2026-03-03 16:00:00,69.0,107.0,41.0,66.0,3.0,0.8,60.64344,87.02077,57.68045,57.37501,2.9952424,0.6706927,93.0,83.0,良 (适量活动)
2026-03-03 17:00:00,64.0,99.0,47.0,60.0,3.0,0.7,64.81432,95.458534,49.287956,63.793636,3.040078,0.77254534,87.0,88.0,良 (适量活动)
2026-03-03 18:00:00,58.0,89.0,55.0,54.0,3.0,0.6,68.12812,100.4097,45.557663,67.09365,3.034974,0.8197489,79.0,92.0,良 (适量活动)
2026-03-03 19:00:00,52.0,80.0,63.0,48.0,3.0,0.5,70.1239,103.19031,43.390675,69.10696,3.029246,0.8563559,72.0,94.0,良 (适量活动)
2026-03-03 20:00:00,47.0,72.0,70.0,43.0,2.0,0.5,71.82637,104.918526,41.70994,70.766495,3.0311785,0.8981066,65.0,97.0,良 (适量活动)
2026-03-03 21:00:00,44.0,67.0,76.0,39.0,2.0,0.4,73.31689,106.48404,40.208637,72.07129,3.0360467,0.9398983,62.0,98.0,良 (适量活动)
2026-03-03 22:00:00,42.0,63.0,80.0,37.0,2.0,0.4,74.43944,107.8612,38.690636,73.05535,3.0265827,0.99536294,59.0,100.0,良 (适量活动)
2026-03-03 23:00:00,41.0,61.0,82.0,36.0,2.0,0.3,74.7179,107.97835,37.5867,73.899254,2.9658592,1.0474093,58.0,100.0,良 (适量活动)
2026-03-04 00:00:00,40.0,59.0,84.0,35.0,2.0,0.3,75.80647,109.233765,37.030178,74.661545,2.9806705,1.077367,57.0,102.0,轻度污染 (敏感人群减少外出)
2026-03-04 01:00:00,39.0,57.0,86.0,34.0,2.0,0.3,76.71766,110.18993,36.266327,75.4155,2.9781594,1.1144165,55.0,103.0,轻度污染 (敏感人群减少外出)
2026-03-04 02:00:00,38.0,55.0,87.0,33.0,2.0,0.3,77.750984,111.297966,35.401417,76.25944,2.9833639,1.1497959,54.0,104.0,轻度污染 (敏感人群减少外出)
2026-03-04 03:00:00,38.0,55.0,87.0,33.0,2.0,0.3,78.69071,112.03299,34.64128,77.00384,2.9767683,1.1675802,54.0,105.0,轻度污染 (敏感人群减少外出)
2026-03-04 04:00:00,39.0,57.0,85.0,34.0,2.0,0.3,78.39028,111.17179,33.75279,77.227135,2.9553502,1.1569165,55.0,105.0,轻度污染 (敏感人群减少外出)
2026-03-04 05:00:00,41.0,61.0,81.0,36.0,2.0,0.4,77.57883,109.889694,34.401455,76.52044,2.9665356,1.1040422,58.0,104.0,轻度污染 (敏感人群减少外出)
2026-03-04 06:00:00,45.0,68.0,73.0,41.0,2.0,0.4,74.92295,107.859314,36.74994,73.28596,2.985163,1.0213273,63.0,100.0,良 (适量活动)
2026-03-04 07:00:00,51.0,78.0,64.0,47.0,3.0,0.5,72.46044,105.70065,39.228764,70.132355,3.0232835,0.9418877,70.0,97.0,良 (适量活动)
2026-03-04 08:00:00,57.0,87.0,56.0,53.0,3.0,0.6,70.002884,102.92474,42.64657,66.30321,2.9199235,0.86441576,78.0,94.0,良 (适量活动)
2026-03-04 09:00:00,63.0,97.0,48.0,59.0,3.0,0.7,64.68632,95.613976,49.088448,60.169357,2.0380006,0.80249107,85.0,88.0,良 (适量活动)
2026-03-04 10:00:00,68.0,105.0,42.0,64.0,3.0,0.8,58.877407,87.0424,57.427776,54.63975,1.9983542,0.6673217,92.0,80.0,良 (适量活动)
2026-03-04 11:00:00,71.0,110.0,38.0,67.0,4.0,0.8,53.607407,78.611595,64.65126,49.944977,2.0305638,0.5665789,95.0,74.0,良 (适量活动)
2026-03-04 12:00:00,73.0,114.0,36.0,69.0,4.0,0.9,50.14088,73.03202,69.42872,46.693012,2.0699594,0.4891039,98.0,69.0,良 (适量活动)
2026-03-04 13:00:00,74.0,116.0,35.0,70.0,4.0,0.9,50.1606,72.24861,71.210846,46.520386,2.0551732,0.47612005,99.0,69.0,良 (适量活动)
2026-03-04 14:00:00,74.0,116.0,35.0,70.0,4.0,0.9,51.287186,73.51753,69.02704,47.68148,2.0787032,0.4939244,99.0,71.0,良 (适量活动)
2026-03-04 15:00:00,73.0,114.0,36.0,69.0,4.0,0.9,55.16751,78.52801,65.09364,50.924183,2.6569562,0.5542953,98.0,76.0,良 (适量活动)
2026-03-04 16:00:00,70.0,109.0,40.0,66.0,3.0,0.8,61.210926,87.79749,56.483906,58.19501,3.0198429,0.6846852,94.0,83.0,良 (适量活动)
2026-03-04 17:00:00,65.0,100.0,46.0,60.0,3.0,0.7,65.17885,96.057,48.72466,64.24645,3.053315,0.7794471,88.0,88.0,良 (适量活动)
2026-03-04 18:00:00,59.0,90.0,54.0,54.0,3.0,0.6,68.42154,100.99922,45.137836,67.45942,3.0443316,0.8242197,80.0,92.0,良 (适量活动)
2026-03-04 19:00:00,53.0,81.0,62.0,48.0,3.0,0.5,70.421616,103.59947,43.057224,69.43962,3.036207,0.8625873,73.0,95.0,良 (适量活动)
2026-03-04 20:00:00,48.0,73.0,69.0,43.0,2.0,0.5,72.19619,105.35818,41.329533,71.17732,3.0347815,0.9057286,67.0,97.0,良 (适量活动)
2026-03-04 21:00:00,45.0,68.0,75.0,39.0,2.0,0.4,73.78085,107.04183,39.74733,72.53502,3.0379517,0.9514931,63.0,99.0,良 (适量活动)
2026-03-04 22:00:00,43.0,64.0,79.0,37.0,2.0,0.4,74.91621,108.30923,38.19135,73.55655,3.023794,1.0094998,60.0,100.0,良 (适量活动)
2026-03-04 23:00:00,42.0,62.0,81.0,36.0,2.0,0.3,74.875084,107.70722,37.295685,74.30187,2.9610798,1.0503757,59.0,100.0,良 (适量活动)
2026-03-05 00:00:00,41.0,60.0,83.0,35.0,2.0,0.3,75.956055,109.005165,36.448483,75.15891,2.9753454,1.0830015,58.0,102.0,轻度污染 (敏感人群减少外出)
2026-03-05 01:00:00,40.0,58.0,85.0,34.0,2.0,0.3,76.977005,110.097916,35.420364,75.99875,2.9767325,1.121314,57.0,103.0,轻度污染 (敏感人群减少外出)
2026-03-05 02:00:00,39.0,56.0,86.0,33.0,2.0,0.3,78.00289,111.16344,34.540222,76.73148,2.9796813,1.1506631,55.0,104.0,轻度污染 (敏感人群减少外出)
2026-03-05 03:00:00,39.0,56.0,86.0,33.0,2.0,0.3,78.57641,111.48245,33.884453,77.23934,2.9702013,1.1587554,55.0,105.0,轻度污染 (敏感人群减少外出)
2026-03-05 04:00:00,40.0,58.0,84.0,34.0,2.0,0.3,78.25049,110.486916,33.791416,77.19625,2.9583898,1.1334404,57.0,105.0,轻度污染 (敏感人群减少外出)
2026-03-05 05:00:00,42.0,62.0,80.0,36.0,2.0,0.4,76.58041,108.77701,35.157585,75.357925,2.9644907,1.0745872,59.0,102.0,轻度污染 (敏感人群减少外出)
2026-03-05 06:00:00,47.0,69.0,72.0,41.0,2.0,0.4,74.035904,106.60206,37.313637,72.377396,2.9864666,1.0026392,65.0,99.0,良 (适量活动)
2026-03-05 07:00:00,53.0,79.0,63.0,47.0,3.0,0.5,71.70054,104.5798,39.461952,69.33658,3.022303,0.9285637,73.0,96.0,良 (适量活动)
2026-03-05 08:00:00,59.0,89.0,55.0,53.0,3.0,0.6,69.40131,101.760185,42.986126,65.303246,2.837577,0.8570638,80.0,94.0,良 (适量活动)
2026-03-05 09:00:00,65.0,98.0,47.0,59.0,3.0,0.7,64.21587,94.83158,49.400387,59.460323,2.0302558,0.78515446,88.0,87.0,良 (适量活动)
2026-03-05 10:00:00,70.0,107.0,41.0,64.0,4.0,0.8,58.28803,86.26116,57.943165,54.010895,2.0094929,0.6570819,94.0,80.0,良 (适量活动)
2026-03-05 11:00:00,73.0,112.0,37.0,67.0,4.0,0.8,53.2322,78.09795,65.02031,49.55083,2.0388534,0.56099707,98.0,73.0,良 (适量活动)
2026-03-05 12:00:00,75.0,116.0,35.0,69.0,4.0,0.9,49.93155,72.75568,69.64673,46.511322,2.0716434,0.48854497,100.0,69.0,良 (适量活动)
2026-03-05 13:00:00,76.0,118.0,34.0,70.0,4.0,0.9,49.942585,72.03887,71.431694,46.34522,2.0521684,0.47441104,102.0,69.0,良 (适量活动)
2026-03-05 14:00:00,76.0,118.0,34.0,70.0,4.0,0.9,51.03813,73.5946,69.21004,47.497646,2.070623,0.48673877,102.0,71.0,良 (适量活动)
2026-03-05 15:00:00,75.0,116.0,35.0,69.0,4.0,0.9,54.817024,78.10328,64.59142,50.458603,2.5998304,0.55151653,100.0,75.0,良 (适量活动)
2026-03-05 16:00:00,72.0,111.0,39.0,66.0,3.0,0.8,60.87111,87.563126,56.39936,57.873367,3.0191112,0.6786353,97.0,83.0,良 (适量活动)
2026-03-05 17:00:00,67.0,102.0,45.0,60.0,3.0,0.7,65.120125,96.016335,48.501015,64.103905,3.0549774,0.77537864,90.0,88.0,良 (适量活动)
2026-03-05 18:00:00,61.0,92.0,53.0,54.0,3.0,0.6,68.509605,100.83857,44.599754,67.51261,3.04352,0.826235,83.0,92.0,良 (适量活动)
2026-03-05 19:00:00,55.0,82.0,61.0,48.0,3.0,0.5,70.48007,103.32838,42.58704,69.483765,3.0393558,0.866482,75.0,95.0,良 (适量活动)
2026-03-05 20:00:00,50.0,74.0,68.0,43.0,2.0,0.5,72.23856,105.09652,40.972874,71.18667,3.041227,0.90870076,69.0,97.0,良 (适量活动)
2026-03-05 21:00:00,47.0,69.0,74.0,39.0,2.0,0.4,73.64945,106.682686,39.523228,72.369354,3.0412955,0.9551458,65.0,99.0,良 (适量活动)
2026-03-05 22:00:00,45.0,65.0,78.0,37.0,2.0,0.4,74.7853,108.062614,38.096867,73.371826,3.0315783,1.0102288,63.0,100.0,良 (适量活动)
2026-03-05 23:00:00,44.0,63.0,80.0,36.0,2.0,0.3,75.001976,107.69422,37.1174,74.25332,2.9705474,1.0481385,62.0,101.0,轻度污染 (敏感人群减少外出)
2026-03-06 00:00:00,43.0,61.0,82.0,35.0,2.0,0.3,76.12237,109.09419,36.5403,75.042435,2.9832103,1.082227,60.0,102.0,轻度污染 (敏感人群减少外出)
2026-03-06 01:00:00,42.0,59.0,84.0,34.0,2.0,0.3,77.22952,110.32989,35.784283,75.9067,2.9831693,1.1221353,59.0,103.0,轻度污染 (敏感人群减少外出)
2026-03-06 02:00:00,41.0,57.0,85.0,33.0,2.0,0.3,78.32805,111.420395,35.035755,76.76254,2.982355,1.1546407,58.0,105.0,轻度污染 (敏感人群减少外出)
2026-03-06 03:00:00,41.0,57.0,85.0,33.0,2.0,0.3,78.792534,111.58109,34.230537,77.33569,2.9641013,1.165486,58.0,105.0,轻度污染 (敏感人群减少外出)
2026-03-06 04:00:00,42.0,59.0,83.0,34.0,2.0,0.3,78.5407,110.68408,33.93087,77.31973,2.950487,1.1416744,59.0,105.0,轻度污染 (敏感人群减少外出)
2026-03-06 05:00:00,44.0,63.0,79.0,36.0,2.0,0.4,76.913765,109.074524,35.189804,75.60476,2.9571154,1.0778131,62.0,103.0,轻度污染 (敏感人群减少外出)
2026-03-06 06:00:00,49.0,71.0,71.0,41.0,2.0,0.4,74.38489,107.262825,37.259583,72.46523,2.9837317,1.0032842,68.0,100.0,良 (适量活动)
2026-03-06 07:00:00,55.0,81.0,62.0,47.0,3.0,0.5,72.04411,105.33192,39.42944,69.3996,3.0228279,0.928427,75.0,97.0,良 (适量活动)
2026-03-06 08:00:00,61.0,90.0,54.0,53.0,3.0,0.6,69.4665,102.37638,42.811665,65.66901,2.8588467,0.857984,83.0,94.0,良 (适量活动)
2026-03-06 09:00:00,67.0,100.0,46.0,59.0,3.0,0.7,64.16211,95.12517,49.154694,59.689274,2.0228932,0.7897989,90.0,87.0,良 (适量活动)
2026-03-06 10:00:00,71.0,108.0,40.0,64.0,4.0,0.8,58.562748,86.657364,57.678425,54.27838,1.9968361,0.6568839,95.0,80.0,良 (适量活动)
2026-03-06 11:00:00,74.0,113.0,36.0,67.0,4.0,0.8,53.59952,78.55207,64.71279,49.808376,2.0287168,0.55966,99.0,74.0,良 (适量活动)
2026-03-06 12:00:00,76.0,117.0,34.0,69.0,4.0,0.9,50.25515,73.31518,69.24372,46.704105,2.0668406,0.485712,102.0,70.0,良 (适量活动)
2026-03-06 13:00:00,77.0,119.0,33.0,70.0,4.0,0.9,50.160923,72.97842,70.7853,46.53221,2.0571382,0.47150362,103.0,69.0,良 (适量活动)
2026-03-06 14:00:00,77.0,119.0,33.0,70.0,4.0,0.9,51.17676,74.32521,68.74387,47.5866,2.076741,0.48500338,103.0,71.0,良 (适量活动)
2026-03-06 15:00:00,76.0,117.0,34.0,69.0,4.0,0.9,55.04374,78.83633,64.90884,50.616287,2.628322,0.54713243,102.0,76.0,良 (适量活动)
2026-03-06 16:00:00,73.0,112.0,38.0,66.0,3.0,0.8,61.288773,87.96191,56.985847,58.050446,3.0207233,0.6753585,98.0,83.0,良 (适量活动)
2026-03-06 17:00:00,68.0,102.0,45.0,60.0,3.0,0.7,65.088524,95.96275,49.157368,64.07512,3.0524015,0.77219915,92.0,88.0,良 (适量活动)
2026-03-06 18:00:00,62.0,92.0,53.0,54.0,3.0,0.6,68.32186,100.75679,45.395702,67.351395,3.0426729,0.8206964,84.0,92.0,良 (适量活动)
2026-03-06 19:00:00,56.0,82.0,61.0,48.0,3.0,0.5,70.27273,103.35349,43.246365,69.332794,3.0335767,0.85802585,77.0,95.0,良 (适量活动)
2026-03-06 20:00:00,51.0,74.0,68.0,43.0,2.0,0.5,72.02156,105.18619,41.531517,71.06417,3.034803,0.90104973,70.0,97.0,良 (适量活动)
2026-03-06 21:00:00,48.0,69.0,74.0,39.0,2.0,0.4,73.6309,106.84575,40.046627,72.394516,3.0372756,0.9456765,67.0,99.0,良 (适量活动)
2026-03-06 22:00:00,46.0,65.0,78.0,37.0,2.0,0.4,74.80372,108.19552,38.51682,73.34129,3.026513,1.0026143,64.0,100.0,良 (适量活动)
2026-03-06 23:00:00,45.0,63.0,80.0,36.0,2.0,0.3,75.01864,107.93744,37.340237,74.199524,2.9694076,1.0431066,63.0,101.0,轻度污染 (敏感人群减少外出)
2026-03-07 00:00:00,44.0,61.0,82.0,35.0,2.0,0.3,76.16499,109.29789,36.703117,75.01724,2.9795897,1.0783197,62.0,102.0,轻度污染 (敏感人群减少外出)
2026-03-07 01:00:00,43.0,59.0,84.0,34.0,2.0,0.3,77.23443,110.50255,35.8919,75.88454,2.9785178,1.1187998,60.0,103.0,轻度污染 (敏感人群减少外出)
2026-03-07 02:00:00,42.0,57.0,85.0,33.0,2.0,0.3,78.33843,111.795494,35.121502,76.728325,2.9830976,1.1529322,59.0,105.0,轻度污染 (敏感人群减少外出)
2026-03-07 03:00:00,42.0,57.0,85.0,33.0,2.0,0.3,78.87462,112.24209,34.197243,77.357254,2.970576,1.1688,59.0,105.0,轻度污染 (敏感人群减少外出)
2026-03-07 04:00:00,43.0,59.0,83.0,34.0,2.0,0.3,78.60599,111.399605,33.742085,77.43365,2.9552355,1.1517456,60.0,105.0,轻度污染 (敏感人群减少外出)
2026-03-07 05:00:00,45.0,63.0,79.0,36.0,2.0,0.4,77.395164,109.77697,34.941902,76.29754,2.9588778,1.0917531,63.0,103.0,轻度污染 (敏感人群减少外出)
2026-03-07 06:00:00,50.0,71.0,71.0,41.0,2.0,0.4,74.73227,107.53664,37.135498,73.09625,2.9816122,1.0150157,69.0,100.0,良 (适量活动)
2026-03-07 07:00:00,56.0,81.0,62.0,47.0,3.0,0.5,72.32521,105.42185,39.35756,69.93219,3.0186791,0.93845403,77.0,97.0,良 (适量活动)
2026-03-07 08:00:00,62.0,90.0,54.0,53.0,3.0,0.6,69.95605,102.79227,42.594837,66.1253,2.9032154,0.86360246,84.0,94.0,良 (适量活动)
2026-03-07 09:00:00,68.0,100.0,46.0,59.0,3.0,0.7,64.62593,95.366875,48.728703,60.017567,2.0309422,0.80192274,92.0,88.0,良 (适量活动)
2026-03-07 10:00:00,72.0,108.0,40.0,64.0,4.0,0.8,58.95265,87.051216,57.152153,54.588043,1.9949096,0.6663053,97.0,80.0,良 (适量活动)
2026-03-07 11:00:00,75.0,113.0,36.0,67.0,4.0,0.8,53.79357,78.837685,64.42095,50.019516,2.0260131,0.56696266,100.0,74.0,良 (适量活动)
2026-03-07 12:00:00,77.0,117.0,34.0,69.0,4.0,0.9,50.365097,73.445595,69.08309,46.871998,2.0619168,0.49085176,103.0,70.0,良 (适量活动)
2026-03-07 13:00:00,78.0,119.0,33.0,70.0,4.0,0.9,50.055393,72.70301,70.89218,46.50675,2.0522993,0.47126466,104.0,69.0,良 (适量活动)
2026-03-07 14:00:00,78.0,119.0,33.0,70.0,4.0,0.9,50.92133,73.89686,69.14239,47.425655,2.066409,0.4811791,104.0,70.0,良 (适量活动)
2026-03-07 15:00:00,77.0,117.0,34.0,69.0,4.0,0.9,54.2494,77.57073,65.22233,50.02068,2.5135856,0.5432366,103.0,75.0,良 (适量活动)
2026-03-07 16:00:00,74.0,112.0,38.0,66.0,3.0,0.8,60.55582,86.56959,57.611794,57.138058,3.0036323,0.6650761,99.0,82.0,良 (适量活动)
2026-03-07 17:00:00,69.0,103.0,44.0,60.0,3.0,0.7,64.763626,95.36727,49.520405,63.65762,3.0499766,0.7667017,93.0,88.0,良 (适量活动)
2026-03-07 18:00:00,63.0,93.0,52.0,54.0,3.0,0.6,68.29671,100.560425,45.528854,67.23227,3.0435894,0.81900537,85.0,92.0,良 (适量活动)
2026-03-07 19:00:00,57.0,83.0,60.0,48.0,3.0,0.5,70.389565,103.37212,43.30866,69.35188,3.0375316,0.85965216,78.0,95.0,良 (适量活动)
2026-03-07 20:00:00,52.0,75.0,67.0,43.0,2.0,0.5,72.19917,105.307236,41.487034,71.16555,3.0409436,0.90445846,72.0,97.0,良 (适量活动)
2026-03-07 21:00:00,49.0,70.0,73.0,39.0,2.0,0.4,73.83685,107.06445,39.918842,72.568985,3.045102,0.9500584,68.0,99.0,良 (适量活动)
2026-03-07 22:00:00,47.0,66.0,77.0,37.0,2.0,0.4,75.04481,108.37042,38.455368,73.55116,3.0331025,1.0059882,65.0,101.0,轻度污染 (敏感人群减少外出)
2026-03-07 23:00:00,46.0,64.0,79.0,36.0,2.0,0.3,75.00679,107.91333,37.454258,74.21211,2.9797084,1.041567,64.0,101.0,轻度污染 (敏感人群减少外出)
2026-03-08 00:00:00,45.0,62.0,81.0,35.0,2.0,0.3,76.16656,109.27724,36.601982,75.02942,2.9891617,1.0803082,63.0,102.0,轻度污染 (敏感人群减少外出)
2026-03-08 01:00:00,44.0,60.0,83.0,34.0,2.0,0.3,77.2879,110.52739,35.66169,75.92945,2.9858222,1.1248972,62.0,103.0,轻度污染 (敏感人群减少外出)
2026-03-08 02:00:00,43.0,58.0,84.0,33.0,2.0,0.3,78.365036,111.79123,34.72517,76.81427,2.9845698,1.1621879,60.0,105.0,轻度污染 (敏感人群减少外出)
2026-03-08 03:00:00,43.0,58.0,84.0,33.0,2.0,0.3,78.86007,112.150444,33.697895,77.419945,2.9703372,1.1762499,60.0,105.0,轻度污染 (敏感人群减少外出)
2026-03-08 04:00:00,44.0,60.0,82.0,34.0,2.0,0.3,78.6035,111.24571,33.353764,77.43048,2.9558496,1.1542703,62.0,105.0,轻度污染 (敏感人群减少外出)
2026-03-08 05:00:00,46.0,64.0,78.0,36.0,2.0,0.4,77.242065,109.64468,34.691795,76.081024,2.9585972,1.0887078,64.0,103.0,轻度污染 (敏感人群减少外出)
2026-03-08 06:00:00,51.0,72.0,70.0,41.0,2.0,0.4,74.5191,107.43232,36.8984,72.83107,2.98101,1.012478,70.0,100.0,良 (适量活动)
2026-03-08 07:00:00,57.0,82.0,61.0,47.0,3.0,0.5,72.06364,105.33087,39.19132,69.723236,3.0204303,0.9362173,78.0,97.0,良 (适量活动)
2026-03-08 08:00:00,63.0,91.0,53.0,53.0,3.0,0.6,69.79245,102.84979,42.39118,66.13538,2.9322097,0.8613504,85.0,94.0,良 (适量活动)
2026-03-08 09:00:00,69.0,101.0,45.0,59.0,3.0,0.7,64.76321,95.63143,48.595467,60.09726,2.0378957,0.80606955,93.0,88.0,良 (适量活动)
2026-03-08 10:00:00,73.0,109.0,39.0,64.0,4.0,0.8,59.062786,87.84847,57.028076,54.764603,2.0015073,0.67229384,98.0,81.0,良 (适量活动)
2026-03-08 11:00:00,76.0,114.0,35.0,67.0,4.0,0.8,53.755157,79.22899,64.38283,50.07199,2.0301597,0.57164556,102.0,74.0,良 (适量活动)
2026-03-08 12:00:00,78.0,118.0,33.0,69.0,4.0,0.9,50.3541,73.489395,69.22534,46.869854,2.0616655,0.49436554,104.0,70.0,良 (适量活动)
2026-03-08 13:00:00,79.0,120.0,32.0,70.0,4.0,0.9,49.946323,72.17629,71.56737,46.27371,2.0527484,0.47206044,105.0,69.0,良 (适量活动)
2026-03-08 14:00:00,79.0,120.0,32.0,70.0,4.0,0.9,50.82775,73.51555,70.282524,47.056007,2.0630016,0.47524866,105.0,70.0,良 (适量活动)
2026-03-08 15:00:00,78.0,118.0,33.0,69.0,4.0,0.9,53.596222,76.8356,66.307106,49.396927,2.406239,0.5319721,104.0,74.0,良 (适量活动)
2026-03-08 16:00:00,75.0,113.0,37.0,66.0,3.0,0.8,59.99543,85.3114,58.762325,56.188534,2.9910405,0.6517375,100.0,82.0,良 (适量活动)
2026-03-08 17:00:00,70.0,104.0,43.0,60.0,3.0,0.7,64.11135,94.46322,49.942574,63.10843,3.0521572,0.76161766,94.0,87.0,良 (适量活动)
2026-03-08 18:00:00,64.0,94.0,51.0,54.0,3.0,0.6,67.820595,99.95413,45.458443,66.93586,3.046131,0.81919986,87.0,92.0,良 (适量活动)
2026-03-08 19:00:00,58.0,84.0,59.0,48.0,3.0,0.5,70.08403,103.11488,43.24282,69.123,3.0367656,0.8555559,79.0,94.0,良 (适量活动)
2026-03-08 20:00:00,53.0,76.0,66.0,43.0,2.0,0.5,71.970055,105.00904,41.458466,70.97061,3.0377147,0.9014067,73.0,97.0,良 (适量活动)
2026-03-08 21:00:00,50.0,71.0,72.0,39.0,2.0,0.4,73.58519,106.768005,39.958794,72.265045,3.0367854,0.9482495,69.0,99.0,良 (适量活动)
2026-03-08 22:00:00,48.0,67.0,76.0,37.0,2.0,0.4,75.01055,108.43465,38.533466,73.45106,3.0295324,1.0079863,67.0,101.0,轻度污染 (敏感人群减少外出)
2026-03-08 23:00:00,47.0,65.0,78.0,36.0,2.0,0.3,75.18157,108.09716,37.586864,74.28988,2.976451,1.044658,65.0,101.0,轻度污染 (敏感人群减少外出)
2026-03-09 00:00:00,46.0,63.0,80.0,35.0,2.0,0.3,76.48152,109.63221,36.63452,75.30587,2.9911633,1.0856172,64.0,102.0,轻度污染 (敏感人群减少外出)
2026-03-09 01:00:00,45.0,61.0,82.0,34.0,2.0,0.3,77.60301,110.874214,35.58977,76.2333,2.9908779,1.1275355,63.0,104.0,轻度污染 (敏感人群减少外出)
2026-03-09 02:00:00,44.0,59.0,83.0,33.0,2.0,0.3,78.65115,111.96995,34.921703,76.96198,2.991498,1.1557362,62.0,105.0,轻度污染 (敏感人群减少外出)
2026-03-09 03:00:00,44.0,59.0,83.0,33.0,2.0,0.3,78.6483,111.841484,33.734863,77.457344,2.9668725,1.1622255,62.0,105.0,轻度污染 (敏感人群减少外出)
2026-03-09 04:00:00,45.0,61.0,81.0,34.0,2.0,0.3,78.29466,110.799515,33.599285,77.278015,2.9601266,1.136045,63.0,105.0,轻度污染 (敏感人群减少外出)
2026-03-09 05:00:00,47.0,65.0,77.0,36.0,2.0,0.4,76.4314,109.04525,35.224873,75.14897,2.9678068,1.0678838,65.0,102.0,轻度污染 (敏感人群减少外出)
2026-03-09 06:00:00,52.0,73.0,69.0,41.0,2.0,0.4,74.07665,106.87659,37.48591,72.117615,2.9961483,0.99408567,72.0,99.0,良 (适量活动)
2026-03-09 07:00:00,58.0,83.0,60.0,47.0,3.0,0.5,71.777306,104.72461,39.643776,68.95782,3.0227683,0.9202499,79.0,96.0,良 (适量活动)
2026-03-09 08:00:00,64.0,92.0,52.0,53.0,3.0,0.6,68.77659,100.90225,43.26931,64.82199,2.746143,0.8519365,87.0,93.0,良 (适量活动)
2026-03-09 09:00:00,70.0,102.0,44.0,59.0,3.0,0.7,63.674633,93.7562,49.527966,59.021465,2.0069146,0.7700193,94.0,86.0,良 (适量活动)
2026-03-09 10:00:00,74.0,110.0,38.0,64.0,4.0,0.8,58.040833,85.18677,57.81882,53.627483,2.0081189,0.6512258,99.0,79.0,良 (适量活动)
2026-03-09 11:00:00,77.0,115.0,34.0,67.0,4.0,0.8,53.519066,77.8017,64.58963,49.555134,2.0392392,0.56183946,103.0,74.0,良 (适量活动)
2026-03-09 12:00:00,79.0,119.0,32.0,69.0,4.0,0.9,50.471554,73.13947,69.05206,46.855583,2.062748,0.48968786,105.0,70.0,良 (适量活动)
2026-03-09 13:00:00,80.0,121.0,31.0,70.0,4.0,0.9,50.21905,72.89714,70.76366,46.69351,2.0465834,0.4683936,107.0,70.0,良 (适量活动)
2026-03-09 14:00:00,80.0,121.0,31.0,70.0,4.0,0.9,51.05549,74.45412,68.83231,47.61409,2.0586505,0.47431168,107.0,71.0,良 (适量活动)
2026-03-09 15:00:00,79.0,119.0,32.0,69.0,4.0,0.9,53.70469,77.9023,64.92113,50.08673,2.4414983,0.52275187,105.0,74.0,良 (适量活动)
2026-03-09 16:00:00,76.0,114.0,36.0,66.0,3.0,0.8,60.728157,87.835976,57.083965,57.78545,2.9860413,0.66463816,102.0,83.0,良 (适量活动)
2026-03-09 17:00:00,71.0,105.0,42.0,60.0,3.0,0.7,65.16573,96.27945,49.058594,64.11215,3.038595,0.76769245,95.0,88.0,良 (适量活动)
2026-03-09 18:00:00,65.0,95.0,50.0,54.0,3.0,0.6,68.56904,101.07531,45.371956,67.48704,3.042507,0.81935143,88.0,92.0,良 (适量活动)
2026-03-09 19:00:00,59.0,85.0,58.0,48.0,3.0,0.5,70.50637,103.5606,43.196083,69.471794,3.0378075,0.8611663,80.0,95.0,良 (适量活动)
2026-03-09 20:00:00,54.0,77.0,65.0,43.0,2.0,0.5,72.32351,105.45272,41.386765,71.26009,3.0409148,0.90600055,74.0,97.0,良 (适量活动)
2026-03-09 21:00:00,51.0,72.0,71.0,39.0,2.0,0.4,73.87075,107.156876,39.792736,72.513725,3.0455902,0.9525657,70.0,99.0,良 (适量活动)
2026-03-09 22:00:00,49.0,68.0,75.0,37.0,2.0,0.4,75.0502,108.4535,38.32455,73.46115,3.0346339,1.00658,68.0,101.0,轻度污染 (敏感人群减少外出)
2026-03-09 23:00:00,48.0,66.0,77.0,36.0,2.0,0.3,75.241806,108.29385,37.30795,74.22947,2.9793591,1.0451026,67.0,101.0,轻度污染 (敏感人群减少外出)
2026-03-10 00:00:00,47.0,64.0,79.0,35.0,2.0,0.3,76.38468,109.57057,36.5758,75.06829,2.9875698,1.0824744,65.0,102.0,轻度污染 (敏感人群减少外出)
2026-03-10 01:00:00,46.0,62.0,81.0,34.0,2.0,0.3,77.480705,110.80092,35.72052,75.958305,2.9850528,1.1253903,64.0,104.0,轻度污染 (敏感人群减少外出)
2026-03-10 02:00:00,45.0,60.0,82.0,33.0,2.0,0.3,78.55587,112.1134,34.875656,76.80385,2.986098,1.1613547,63.0,105.0,轻度污染 (敏感人群减少外出)
2026-03-10 03:00:00,45.0,60.0,82.0,33.0,2.0,0.3,78.82074,112.39914,33.566555,77.422585,2.9657984,1.1772708,63.0,105.0,轻度污染 (敏感人群减少外出)
2026-03-10 04:00:00,46.0,62.0,80.0,34.0,2.0,0.3,78.5284,111.55458,33.13928,77.41838,2.952931,1.1578661,64.0,105.0,轻度污染 (敏感人群减少外出)
2026-03-10 05:00:00,48.0,66.0,76.0,36.0,2.0,0.4,77.17763,109.83124,34.62598,76.110214,2.9563298,1.0901948,67.0,103.0,轻度污染 (敏感人群减少外出)
2026-03-10 06:00:00,53.0,74.0,68.0,41.0,2.0,0.4,74.39148,107.4263,36.988644,72.76002,2.9784284,1.0113089,73.0,100.0,良 (适量活动)
2026-03-10 07:00:00,59.0,84.0,59.0,47.0,3.0,0.5,71.9235,105.24414,39.368046,69.50136,3.0157557,0.93217844,80.0,97.0,良 (适量活动)
2026-03-10 08:00:00,65.0,93.0,51.0,53.0,3.0,0.6,69.73179,102.455696,42.78123,65.88576,2.8814306,0.86012155,88.0,94.0,良 (适量活动)
2026-03-10 09:00:00,71.0,103.0,43.0,59.0,3.0,0.7,64.59258,95.18295,48.62982,60.09998,2.007668,0.80026525,95.0,87.0,良 (适量活动)
2026-03-10 10:00:00,75.0,111.0,37.0,64.0,4.0,0.8,59.133923,87.96942,56.845467,54.89976,1.9864365,0.67156196,100.0,81.0,良 (适量活动)
2026-03-10 11:00:00,78.0,116.0,33.0,67.0,4.0,0.8,53.921455,79.51206,64.13477,50.239655,2.022392,0.5744762,104.0,74.0,良 (适量活动)
2026-03-10 12:00:00,80.0,120.0,31.0,69.0,4.0,0.9,50.506104,73.76261,69.033,47.03525,2.0551,0.49802712,107.0,70.0,良 (适量活动)
2026-03-10 13:00:00,81.0,122.0,30.0,70.0,4.0,0.9,49.808434,72.16052,71.46238,46.22506,2.0512326,0.47157338,108.0,69.0,良 (适量活动)
2026-03-10 14:00:00,81.0,122.0,30.0,70.0,4.0,0.9,50.66347,73.447136,70.228325,46.964123,2.063071,0.47554114,108.0,70.0,良 (适量活动)
2026-03-10 15:00:00,80.0,120.0,31.0,69.0,4.0,0.9,53.59769,76.71711,66.09526,49.33115,2.425332,0.54101646,107.0,74.0,良 (适量活动)
2026-03-10 16:00:00,77.0,115.0,35.0,66.0,3.0,0.8,59.84931,85.326546,58.38794,56.094242,2.9968588,0.6600942,103.0,82.0,良 (适量活动)
2026-03-10 17:00:00,72.0,106.0,41.0,60.0,3.0,0.7,64.202095,94.6179,49.526005,62.971115,3.0515745,0.7685443,97.0,87.0,良 (适量活动)
2026-03-10 18:00:00,66.0,96.0,49.0,54.0,3.0,0.6,67.937706,100.32095,45.06581,66.74749,3.0413806,0.82141113,89.0,92.0,良 (适量活动)
2026-03-10 19:00:00,60.0,86.0,57.0,48.0,3.0,0.5,70.21381,103.28178,42.71063,68.983574,3.0313466,0.86171937,82.0,95.0,良 (适量活动)
2026-03-10 20:00:00,55.0,78.0,64.0,43.0,2.0,0.5,72.12407,105.24114,40.874607,70.91007,3.0310683,0.90768844,75.0,97.0,良 (适量活动)
2026-03-10 21:00:00,52.0,73.0,70.0,39.0,2.0,0.4,73.696846,106.94146,39.2279,72.30214,3.031561,0.95993006,72.0,99.0,良 (适量活动)
2026-03-10 22:00:00,50.0,69.0,74.0,37.0,2.0,0.4,74.85834,108.27961,37.652668,73.40924,3.0211954,1.018372,69.0,100.0,良 (适量活动)
2026-03-10 23:00:00,49.0,67.0,76.0,36.0,2.0,0.3,75.164955,107.79595,36.544857,74.53919,2.9659157,1.0532858,68.0,101.0,轻度污染 (敏感人群减少外出)
2026-03-11 00:00:00,48.0,65.0,78.0,35.0,2.0,0.3,76.208115,109.022804,35.64939,75.32351,2.9732015,1.0907316,67.0,102.0,轻度污染 (敏感人群减少外出)
2026-03-11 01:00:00,47.0,63.0,80.0,34.0,2.0,0.3,77.439285,110.47515,34.750854,76.26905,2.9753885,1.1342599,65.0,104.0,轻度污染 (敏感人群减少外出)
2026-03-11 02:00:00,46.0,61.0,81.0,33.0,2.0,0.3,78.44444,111.59287,33.95883,77.00009,2.9770331,1.1648577,64.0,105.0,轻度污染 (敏感人群减少外出)
2026-03-11 03:00:00,46.0,61.0,81.0,33.0,2.0,0.3,78.69094,111.69321,33.142952,77.41679,2.9572728,1.1721071,64.0,105.0,轻度污染 (敏感人群减少外出)
2026-03-11 04:00:00,47.0,63.0,79.0,34.0,2.0,0.3,78.250114,110.63825,33.13542,77.27114,2.9462795,1.1454955,65.0,105.0,轻度污染 (敏感人群减少外出)
2026-03-11 05:00:00,49.0,67.0,75.0,36.0,2.0,0.4,76.40703,108.88999,35.156643,75.26915,2.944939,1.07344,68.0,102.0,轻度污染 (敏感人群减少外出)
2026-03-11 06:00:00,54.0,75.0,67.0,41.0,2.0,0.4,73.81346,106.69435,37.51439,72.222275,2.9876566,0.99654835,74.0,99.0,良 (适量活动)
2026-03-11 07:00:00,60.0,85.0,58.0,47.0,3.0,0.5,71.46423,104.73202,40.029083,69.03574,3.0355344,0.9159449,82.0,96.0,良 (适量活动)
2026-03-11 08:00:00,66.0,94.0,50.0,53.0,3.0,0.6,69.2765,101.291,43.86778,64.93642,2.7212865,0.85566443,89.0,93.0,良 (适量活动)
2026-03-11 09:00:00,72.0,104.0,42.0,59.0,3.0,0.7,64.06192,94.71848,50.23396,59.329372,2.0001667,0.77121896,97.0,87.0,良 (适量活动)
2026-03-11 10:00:00,76.0,112.0,36.0,64.0,4.0,0.8,57.81881,85.64231,58.58679,53.697727,1.9980966,0.6502372,102.0,79.0,良 (适量活动)
2026-03-11 11:00:00,79.0,117.0,32.0,67.0,4.0,0.8,53.031227,77.866295,65.26111,49.445835,2.0323806,0.55964243,105.0,73.0,良 (适量活动)
2026-03-11 12:00:00,81.0,121.0,30.0,69.0,4.0,0.9,49.878895,72.69635,69.555534,46.491226,2.0674593,0.48824874,108.0,69.0,良 (适量活动)
2026-03-11 13:00:00,82.0,123.0,29.0,70.0,4.0,0.9,49.741703,71.74778,71.60748,46.23946,2.046127,0.47278032,109.0,69.0,良 (适量活动)
2026-03-11 14:00:00,82.0,123.0,29.0,70.0,4.0,0.9,50.73404,73.25939,70.007996,47.19415,2.0553265,0.47644037,109.0,70.0,良 (适量活动)
2026-03-11 15:00:00,81.0,121.0,30.0,69.0,4.0,0.9,53.94269,77.243706,65.745735,49.848846,2.4651089,0.5310662,108.0,74.0,良 (适量活动)
2026-03-11 16:00:00,78.0,116.0,34.0,66.0,3.0,0.8,60.299213,86.03378,58.094936,56.789524,2.994213,0.6536063,104.0,82.0,良 (适量活动)
2026-03-11 17:00:00,73.0,107.0,40.0,60.0,3.0,0.7,64.41557,95.11261,49.639427,63.52721,3.0552049,0.76081705,98.0,87.0,良 (适量活动)
2026-03-11 18:00:00,67.0,97.0,48.0,54.0,3.0,0.6,68.32712,100.60228,44.964413,67.49344,3.057114,0.82392555,90.0,92.0,良 (适量活动)
2026-03-11 19:00:00,61.0,87.0,56.0,48.0,3.0,0.5,70.46594,103.492035,42.643925,69.63906,3.0495973,0.8659067,83.0,95.0,良 (适量活动)
2026-03-11 20:00:00,56.0,79.0,63.0,43.0,2.0,0.5,72.34495,105.40648,40.843586,71.457825,3.048108,0.91131353,77.0,97.0,良 (适量活动)
2026-03-11 21:00:00,53.0,74.0,69.0,39.0,2.0,0.4,73.8683,107.1349,39.221745,72.615776,3.0493546,0.96058303,73.0,99.0,良 (适量活动)
2026-03-11 22:00:00,51.0,70.0,73.0,37.0,2.0,0.4,75.12299,108.51937,37.72704,73.722824,3.0337844,1.0204946,70.0,101.0,轻度污染 (敏感人群减少外出)
2026-03-11 23:00:00,50.0,68.0,75.0,36.0,2.0,0.3,75.286224,108.081696,36.83206,74.6137,2.9703853,1.0541987,69.0,101.0,轻度污染 (敏感人群减少外出)
2026-03-12 00:00:00,49.0,66.0,77.0,35.0,2.0,0.3,76.558044,109.51934,36.004913,75.56135,2.9807563,1.0930454,68.0,102.0,轻度污染 (敏感人群减少外出)
2026-03-12 01:00:00,48.0,64.0,79.0,34.0,2.0,0.3,77.71687,110.75609,35.049038,76.46587,2.9797597,1.1331735,67.0,104.0,轻度污染 (敏感人群减少外出)
2026-03-12 02:00:00,47.0,62.0,80.0,33.0,2.0,0.3,78.7667,111.83513,34.355553,77.19975,2.9787393,1.1608714,65.0,105.0,轻度污染 (敏感人群减少外出)
2026-03-12 03:00:00,47.0,62.0,80.0,33.0,2.0,0.3,78.802895,111.588425,33.520683,77.58119,2.955103,1.1637375,65.0,105.0,轻度污染 (敏感人群减少外出)
2026-03-12 04:00:00,48.0,64.0,78.0,34.0,2.0,0.3,78.32719,110.32749,33.703674,77.301674,2.94965,1.1343741,67.0,105.0,轻度污染 (敏感人群减少外出)
2026-03-12 05:00:00,50.0,68.0,74.0,36.0,2.0,0.4,76.16554,108.52477,35.6747,74.935936,2.9545414,1.0616345,69.0,102.0,轻度污染 (敏感人群减少外出)
2026-03-12 06:00:00,55.0,76.0,66.0,41.0,2.0,0.4,73.65423,106.32973,37.803444,71.92242,2.98671,0.9891316,75.0,99.0,良 (适量活动)
2026-03-12 07:00:00,61.0,86.0,57.0,47.0,3.0,0.5,71.3684,104.49429,39.87326,68.812225,3.0264132,0.9145801,83.0,96.0,良 (适量活动)
2026-03-12 08:00:00,67.0,95.0,49.0,53.0,3.0,0.6,68.771126,100.76802,43.361412,64.66989,2.6948872,0.8534263,90.0,93.0,良 (适量活动)
2026-03-12 09:00:00,73.0,105.0,41.0,59.0,3.0,0.7,63.73872,94.34724,49.99,58.986122,1.9957476,0.7652975,98.0,86.0,良 (适量活动)
2026-03-12 10:00:00,77.0,113.0,35.0,64.0,4.0,0.8,57.88274,85.64712,58.331974,53.447536,1.9987487,0.6420592,103.0,79.0,良 (适量活动)
2026-03-12 11:00:00,80.0,118.0,31.0,67.0,4.0,0.8,53.307156,78.09143,64.80837,49.342663,2.0327208,0.5537339,107.0,73.0,良 (适量活动)
2026-03-12 12:00:00,82.0,122.0,29.0,69.0,4.0,0.9,50.181377,73.08675,69.325584,46.5379,2.0639133,0.48717836,109.0,69.0,良 (适量活动)
2026-03-12 13:00:00,83.0,124.0,28.0,70.0,4.0,0.9,49.851067,72.44809,71.48814,46.194683,2.051958,0.46854958,110.0,69.0,良 (适量活动)
2026-03-12 14:00:00,83.0,124.0,28.0,70.0,4.0,0.9,50.817585,74.20331,69.92426,47.10209,2.0586696,0.46784905,110.0,70.0,良 (适量活动)
2026-03-12 15:00:00,82.0,122.0,29.0,69.0,4.0,0.9,53.401257,77.298645,66.0685,49.500237,2.387654,0.5182309,109.0,74.0,良 (适量活动)
2026-03-12 16:00:00,79.0,117.0,33.0,66.0,3.0,0.8,60.095642,85.985504,58.770847,56.410507,2.9840193,0.6438592,105.0,82.0,良 (适量活动)
2026-03-12 17:00:00,74.0,108.0,39.0,60.0,3.0,0.7,64.411255,95.16497,50.233166,63.303204,3.047895,0.75432557,99.0,87.0,良 (适量活动)
2026-03-12 18:00:00,68.0,98.0,47.0,54.0,3.0,0.6,68.25803,100.63725,45.72248,67.230995,3.046633,0.81584525,92.0,92.0,良 (适量活动)
2026-03-12 19:00:00,62.0,88.0,55.0,48.0,3.0,0.5,70.386154,103.53949,43.448902,69.38909,3.040517,0.8577087,84.0,95.0,良 (适量活动)
2026-03-12 20:00:00,57.0,80.0,62.0,43.0,2.0,0.5,72.31648,105.54113,41.574116,71.28209,3.0439818,0.9050208,78.0,97.0,良 (适量活动)
2026-03-12 21:00:00,54.0,75.0,68.0,39.0,2.0,0.4,73.951645,107.309395,39.870045,72.61243,3.046822,0.9540125,74.0,99.0,良 (适量活动)
2026-03-12 22:00:00,52.0,71.0,72.0,37.0,2.0,0.4,75.17713,108.65561,38.346344,73.59334,3.0344388,1.0120326,72.0,101.0,轻度污染 (敏感人群减少外出)
2026-03-12 23:00:00,51.0,69.0,74.0,36.0,2.0,0.3,75.27528,108.36714,37.16721,74.3058,2.9842339,1.0453285,70.0,101.0,轻度污染 (敏感人群减少外出)
2026-03-13 00:00:00,50.0,67.0,76.0,35.0,2.0,0.3,76.500694,109.73875,36.35267,75.17288,2.9910762,1.0873483,69.0,102.0,轻度污染 (敏感人群减少外出)
2026-03-13 01:00:00,49.0,65.0,78.0,34.0,2.0,0.3,77.61001,110.997,35.456886,76.082054,2.986243,1.1319962,68.0,104.0,轻度污染 (敏感人群减少外出)
2026-03-13 02:00:00,48.0,63.0,79.0,33.0,2.0,0.3,78.65243,112.29326,34.661537,76.885376,2.9856184,1.1668252,67.0,105.0,轻度污染 (敏感人群减少外出)
2026-03-13 03:00:00,48.0,63.0,79.0,33.0,2.0,0.3,78.82867,112.5092,33.426315,77.444565,2.9631972,1.1806184,67.0,105.0,轻度污染 (敏感人群减少外出)
2026-03-13 04:00:00,49.0,65.0,77.0,34.0,2.0,0.3,78.53609,111.659615,33.08756,77.4222,2.950822,1.1609108,68.0,105.0,轻度污染 (敏感人群减少外出)
2026-03-13 05:00:00,51.0,69.0,73.0,36.0,2.0,0.4,77.13262,109.91275,34.635277,76.08486,2.9540715,1.0921422,70.0,103.0,轻度污染 (敏感人群减少外出)
2026-03-13 06:00:00,56.0,77.0,65.0,41.0,2.0,0.4,74.42057,107.46873,37.04322,72.87063,2.977917,1.0126089,77.0,100.0,良 (适量活动)
2026-03-13 07:00:00,62.0,87.0,56.0,47.0,3.0,0.5,71.94226,105.260254,39.434036,69.615944,3.0179393,0.9335464,84.0,97.0,良 (适量活动)
2026-03-13 08:00:00,68.0,96.0,48.0,53.0,3.0,0.6,69.64407,102.438675,42.901608,65.78228,2.8808024,0.8586796,92.0,94.0,良 (适量活动)
2026-03-13 09:00:00,74.0,106.0,40.0,59.0,3.0,0.7,64.566414,95.11286,48.572014,60.05861,2.0030992,0.7992326,99.0,87.0,良 (适量活动)
2026-03-13 10:00:00,78.0,114.0,34.0,64.0,4.0,0.8,59.10798,87.993546,56.885696,54.839733,1.9856021,0.6699462,104.0,81.0,良 (适量活动)
2026-03-13 11:00:00,81.0,119.0,30.0,67.0,4.0,0.8,53.928596,79.54533,64.094406,50.21625,2.021243,0.57378876,108.0,74.0,良 (适量活动)
2026-03-13 12:00:00,83.0,123.0,28.0,69.0,4.0,0.9,50.567623,73.8307,68.99746,47.066795,2.0538042,0.49832502,110.0,70.0,良 (适量活动)
2026-03-13 13:00:00,84.0,125.0,27.0,70.0,4.0,0.9,49.836483,72.178764,71.61718,46.18433,2.0517724,0.47061002,112.0,69.0,良 (适量活动)
2026-03-13 14:00:00,84.0,125.0,27.0,70.0,4.0,0.9,50.589268,73.547676,70.66128,46.780197,2.0591636,0.46904266,112.0,70.0,良 (适量活动)
2026-03-13 15:00:00,83.0,123.0,28.0,69.0,4.0,0.9,52.60631,76.11574,67.00399,48.73422,2.2731225,0.5167347,110.0,73.0,良 (适量活动)
2026-03-13 16:00:00,80.0,118.0,32.0,66.0,3.0,0.8,59.016243,83.57593,60.268627,54.684265,2.9621572,0.62947595,107.0,81.0,良 (适量活动)
2026-03-13 17:00:00,75.0,109.0,38.0,60.0,3.0,0.7,63.321716,93.417076,51.197765,62.0458,3.0565188,0.7464709,100.0,86.0,良 (适量活动)
2026-03-13 18:00:00,69.0,99.0,46.0,54.0,3.0,0.6,67.49718,99.57314,45.80075,66.48815,3.0539863,0.81440127,93.0,91.0,良 (适量活动)
2026-03-13 19:00:00,63.0,89.0,54.0,48.0,3.0,0.5,69.8954,103.05646,43.308304,68.86489,3.0406723,0.8521542,85.0,94.0,良 (适量活动)
2026-03-13 20:00:00,58.0,81.0,61.0,43.0,2.0,0.5,71.89531,105.14843,41.331665,70.870125,3.0392253,0.9004902,79.0,97.0,良 (适量活动)
2026-03-13 21:00:00,55.0,76.0,67.0,39.0,2.0,0.4,73.69669,107.059235,39.619358,72.40978,3.0406048,0.95120186,75.0,99.0,良 (适量活动)
2026-03-13 22:00:00,53.0,72.0,71.0,37.0,2.0,0.4,75.14215,108.55507,38.00207,73.601845,3.0319457,1.0135483,73.0,101.0,轻度污染 (敏感人群减少外出)
2026-03-13 23:00:00,52.0,70.0,73.0,36.0,2.0,0.3,75.20313,107.726654,36.709045,74.50738,2.9695857,1.0416569,72.0,101.0,轻度污染 (敏感人群减少外出)
2026-03-14 00:00:00,51.0,68.0,75.0,35.0,2.0,0.3,76.7019,109.533264,35.872055,75.55857,2.982023,1.0869378,70.0,103.0,轻度污染 (敏感人群减少外出)
2026-03-14 01:00:00,50.0,66.0,77.0,34.0,2.0,0.3,77.83193,110.77967,34.904434,76.420494,2.9786844,1.1301413,69.0,104.0,轻度污染 (敏感人群减少外出)
2026-03-14 02:00:00,49.0,64.0,78.0,33.0,2.0,0.3,78.80454,111.90126,34.21555,77.100525,2.9774587,1.1593139,68.0,105.0,轻度污染 (敏感人群减少外出)
2026-03-14 03:00:00,49.0,64.0,78.0,33.0,2.0,0.3,78.67713,111.682236,33.23455,77.44277,2.9533644,1.1634281,68.0,105.0,轻度污染 (敏感人群减少外出)
2026-03-14 04:00:00,50.0,66.0,76.0,34.0,2.0,0.3,78.228874,110.47291,33.4872,77.12606,2.9419937,1.1377907,69.0,105.0,轻度污染 (敏感人群减少外出)
2026-03-14 05:00:00,52.0,70.0,72.0,36.0,2.0,0.4,76.08923,108.6347,35.485226,74.93606,2.9516013,1.0642812,72.0,102.0,轻度污染 (敏感人群减少外出)
2026-03-14 06:00:00,57.0,78.0,64.0,41.0,2.0,0.4,73.52014,106.30935,37.9235,71.82908,2.9883413,0.98685133,78.0,99.0,良 (适量活动)
2026-03-14 07:00:00,63.0,88.0,55.0,47.0,3.0,0.5,71.27308,104.47944,40.203014,68.70772,3.0257304,0.91035897,85.0,96.0,良 (适量活动)
2026-03-14 08:00:00,69.0,97.0,47.0,53.0,3.0,0.6,68.852936,100.334984,43.719948,64.58278,2.634787,0.85651404,93.0,93.0,良 (适量活动)
2026-03-14 09:00:00,75.0,107.0,39.0,59.0,3.0,0.7,63.836777,94.22162,50.306126,59.132156,1.9840757,0.7635658,100.0,87.0,良 (适量活动)
2026-03-14 10:00:00,79.0,115.0,33.0,64.0,4.0,0.8,57.659718,85.368675,58.716923,53.539146,1.9913337,0.64532435,105.0,79.0,良 (适量活动)
2026-03-14 11:00:00,82.0,120.0,29.0,67.0,4.0,0.8,52.96085,77.74146,65.15129,49.347538,2.0272133,0.5555416,109.0,73.0,良 (适量活动)
2026-03-14 12:00:00,84.0,124.0,27.0,69.0,4.0,0.9,49.788467,72.69959,69.50132,46.462345,2.0605648,0.4854319,112.0,69.0,良 (适量活动)
2026-03-14 13:00:00,85.0,126.0,26.0,70.0,4.0,0.9,49.688633,71.940285,71.57526,46.205097,2.0434928,0.46930322,113.0,69.0,良 (适量活动)
2026-03-14 14:00:00,85.0,126.0,26.0,70.0,4.0,0.9,50.76699,73.639305,69.94617,47.174393,2.0558012,0.47280973,113.0,70.0,良 (适量活动)
2026-03-14 15:00:00,84.0,124.0,27.0,69.0,4.0,0.9,53.84821,77.11966,65.86598,49.74563,2.4325445,0.5277294,112.0,74.0,良 (适量活动)
2026-03-14 16:00:00,81.0,119.0,31.0,66.0,3.0,0.8,60.03692,85.39691,58.6516,56.221054,2.9851115,0.6461072,108.0,82.0,良 (适量活动)
2026-03-14 17:00:00,76.0,110.0,37.0,60.0,3.0,0.7,64.185165,94.80493,50.17099,63.162613,3.0588868,0.75510347,102.0,87.0,良 (适量活动)
2026-03-14 18:00:00,70.0,100.0,45.0,54.0,3.0,0.6,68.32385,100.43141,45.246105,67.44622,3.0622036,0.8233664,94.0,92.0,良 (适量活动)
2026-03-14 19:00:00,64.0,90.0,53.0,48.0,3.0,0.5,70.542786,103.46694,42.933964,69.6561,3.0528727,0.8649169,87.0,95.0,良 (适量活动)
2026-03-14 20:00:00,59.0,82.0,60.0,43.0,2.0,0.5,72.48297,105.519844,41.01871,71.546906,3.052476,0.91197646,80.0,97.0,良 (适量活动)
2026-03-14 21:00:00,56.0,77.0,66.0,39.0,2.0,0.4,74.19236,107.39311,39.387016,72.84927,3.0555072,0.96160835,77.0,99.0,良 (适量活动)
2026-03-14 22:00:00,54.0,73.0,70.0,37.0,2.0,0.4,75.5456,108.839485,37.898746,74.010574,3.0396662,1.0221463,74.0,101.0,轻度污染 (敏感人群减少外出)
2026-03-14 23:00:00,53.0,71.0,72.0,36.0,2.0,0.3,75.76648,108.629684,37.010174,74.818596,2.9841628,1.053287,73.0,101.0,轻度污染 (敏感人群减少外出)
2026-03-15 00:00:00,52.0,69.0,74.0,35.0,2.0,0.3,77.10045,110.12487,36.05645,75.76016,2.9945962,1.0966306,72.0,103.0,轻度污染 (敏感人群减少外出)
2026-03-15 01:00:00,51.0,67.0,76.0,34.0,2.0,0.3,78.21768,111.36119,35.08534,76.626305,2.9885092,1.1383436,70.0,105.0,轻度污染 (敏感人群减少外出)
2026-03-15 02:00:00,50.0,65.0,77.0,33.0,2.0,0.3,78.88492,112.163506,34.063004,77.32468,2.9764454,1.1644709,69.0,105.0,轻度污染 (敏感人群减少外出)
2026-03-15 03:00:00,50.0,65.0,77.0,33.0,2.0,0.3,78.80517,111.82781,33.1944,77.61558,2.9548595,1.1645784,69.0,105.0,轻度污染 (敏感人群减少外出)
2026-03-15 04:00:00,51.0,67.0,75.0,34.0,2.0,0.3,78.187706,110.50957,33.623283,77.106285,2.9503996,1.1299174,70.0,104.0,轻度污染 (敏感人群减少外出)
2026-03-15 05:00:00,53.0,71.0,71.0,36.0,2.0,0.4,76.08359,108.54342,35.700356,74.77455,2.954995,1.0583361,73.0,102.0,轻度污染 (敏感人群减少外出)
2026-03-15 06:00:00,58.0,79.0,63.0,41.0,2.0,0.4,73.64187,106.2818,37.860428,71.86105,2.9806106,0.98887527,79.0,99.0,良 (适量活动)
2026-03-15 07:00:00,64.0,89.0,54.0,47.0,3.0,0.5,71.39243,104.51005,39.905037,68.81826,3.0168915,0.916733,87.0,96.0,良 (适量活动)
2026-03-15 08:00:00,70.0,98.0,46.0,53.0,3.0,0.6,68.81732,101.50151,42.72595,65.16489,2.8325112,0.8509647,94.0,93.0,良 (适量活动)
2026-03-15 09:00:00,76.0,108.0,38.0,59.0,3.0,0.7,64.0622,94.74789,48.634457,59.63858,2.0097923,0.79039073,102.0,87.0,良 (适量活动)
2026-03-15 10:00:00,80.0,116.0,32.0,64.0,4.0,0.8,59.006527,87.59171,56.930523,54.557877,1.9900023,0.66195226,107.0,81.0,良 (适量活动)
2026-03-15 11:00:00,83.0,121.0,28.0,67.0,4.0,0.8,54.164627,79.55782,64.01494,50.206287,2.0195644,0.56850904,110.0,74.0,良 (适量活动)
2026-03-15 12:00:00,85.0,125.0,26.0,69.0,4.0,0.9,50.81544,74.11407,68.77497,47.16817,2.0512955,0.4961241,113.0,70.0,良 (适量活动)
2026-03-15 13:00:00,86.0,127.0,25.0,70.0,4.0,0.9,49.896397,72.77066,71.17729,46.3044,2.0497184,0.4663317,114.0,69.0,良 (适量活动)
2026-03-15 14:00:00,86.0,127.0,25.0,70.0,4.0,0.9,50.65137,74.273415,70.2375,46.882442,2.0562918,0.46272543,114.0,70.0,良 (适量活动)
2026-03-15 15:00:00,85.0,125.0,26.0,69.0,4.0,0.9,52.347393,76.3058,67.19458,48.626884,2.2290952,0.50521034,113.0,72.0,良 (适量活动)
2026-03-15 16:00:00,82.0,120.0,30.0,66.0,3.0,0.8,58.74999,83.88814,60.644314,54.81658,2.9409285,0.6194319,109.0,80.0,良 (适量活动)
2026-03-15 17:00:00,77.0,111.0,36.0,60.0,3.0,0.7,63.46671,93.64674,51.624004,62.112526,3.0511324,0.7409328,103.0,86.0,良 (适量活动)
2026-03-15 18:00:00,71.0,101.0,44.0,54.0,3.0,0.6,67.59468,99.69208,46.220047,66.565254,3.0511422,0.8106576,95.0,91.0,良 (适量活动)
2026-03-15 19:00:00,65.0,91.0,52.0,48.0,3.0,0.5,69.95797,103.165665,43.72746,68.93635,3.0405037,0.84964025,88.0,94.0,良 (适量活动)
2026-03-15 20:00:00,60.0,83.0,59.0,43.0,2.0,0.5,71.96614,105.2354,41.70734,70.93698,3.0408475,0.8989136,82.0,97.0,良 (适量活动)
2026-03-15 21:00:00,57.0,78.0,65.0,39.0,2.0,0.4,73.77472,107.0861,39.986233,72.45132,3.0435355,0.94879377,78.0,99.0,良 (适量活动)
2026-03-15 22:00:00,55.0,74.0,69.0,37.0,2.0,0.4,75.06977,108.509056,38.41269,73.48902,3.0320735,1.0080063,75.0,101.0,轻度污染 (敏感人群减少外出)
2026-03-15 23:00:00,54.0,72.0,71.0,36.0,2.0,0.3,75.300674,108.26242,37.23225,74.342384,2.983323,1.0420662,74.0,101.0,轻度污染 (敏感人群减少外出)
2026-03-16 00:00:00,53.0,70.0,73.0,35.0,2.0,0.3,76.61075,109.7818,36.386322,75.24783,2.9911032,1.0859296,73.0,103.0,轻度污染 (敏感人群减少外出)
2026-03-16 01:00:00,52.0,68.0,75.0,34.0,2.0,0.3,77.78387,111.15237,35.53686,76.15136,2.98788,1.1306167,72.0,104.0,轻度污染 (敏感人群减少外出)
2026-03-16 02:00:00,51.0,66.0,76.0,33.0,2.0,0.3,78.722435,112.35492,34.689396,76.921745,2.983962,1.1646665,70.0,105.0,轻度污染 (敏感人群减少外出)
2026-03-16 03:00:00,51.0,66.0,76.0,33.0,2.0,0.3,78.783455,112.45574,33.466457,77.40377,2.9587502,1.1784241,70.0,105.0,轻度污染 (敏感人群减少外出)
2026-03-16 04:00:00,52.0,68.0,74.0,34.0,2.0,0.3,78.45336,111.55094,33.175007,77.29399,2.9456463,1.1608701,72.0,105.0,轻度污染 (敏感人群减少外出)
2026-03-16 05:00:00,54.0,72.0,70.0,36.0,2.0,0.4,76.93183,109.9017,34.91308,75.798454,2.9454408,1.0893024,74.0,103.0,轻度污染 (敏感人群减少外出)
2026-03-16 06:00:00,59.0,80.0,62.0,41.0,2.0,0.4,74.33167,107.53917,37.33279,72.74683,2.9733055,1.0074418,80.0,100.0,良 (适量活动)
2026-03-16 07:00:00,65.0,90.0,53.0,47.0,3.0,0.5,71.87504,105.37836,39.73243,69.48373,3.0213614,0.9269805,88.0,97.0,良 (适量活动)
2026-03-16 08:00:00,71.0,99.0,45.0,53.0,3.0,0.6,69.66921,102.42784,43.245003,65.71643,2.861569,0.85596544,95.0,94.0,良 (适量活动)
2026-03-16 09:00:00,77.0,109.0,37.0,59.0,3.0,0.7,64.54785,95.20736,48.928383,59.98654,1.995461,0.79419774,103.0,87.0,良 (适量活动)
2026-03-16 10:00:00,81.0,117.0,31.0,64.0,4.0,0.8,58.906513,87.903725,57.12904,54.684788,1.9842768,0.6674152,108.0,80.0,良 (适量活动)
2026-03-16 11:00:00,84.0,122.0,27.0,67.0,4.0,0.8,53.78501,79.48697,64.10936,50.12542,2.0189483,0.57293427,112.0,74.0,良 (适量活动)
2026-03-16 12:00:00,86.0,126.0,25.0,69.0,4.0,0.9,50.3789,73.67838,68.94841,46.869556,2.054763,0.4961787,114.0,70.0,良 (适量活动)
2026-03-16 13:00:00,87.0,128.0,24.0,70.0,4.0,0.9,49.626713,72.11349,71.77209,45.99697,2.0506897,0.4685619,115.0,69.0,良 (适量活动)
2026-03-16 14:00:00,87.0,128.0,24.0,70.0,4.0,0.9,50.456356,73.64495,71.06741,46.549244,2.0567207,0.46307632,115.0,70.0,良 (适量活动)
2026-03-16 15:00:00,86.0,126.0,25.0,69.0,4.0,0.9,52.2962,75.88902,67.601616,48.373558,2.2171726,0.50841355,114.0,72.0,良 (适量活动)
2026-03-16 16:00:00,83.0,121.0,29.0,66.0,3.0,0.8,58.319603,82.67191,61.218178,53.973167,2.9600897,0.6094732,110.0,80.0,良 (适量活动)
2026-03-16 17:00:00,78.0,112.0,35.0,60.0,3.0,0.7,63.083904,92.60673,52.066727,61.468815,3.0541914,0.7338973,104.0,86.0,良 (适量活动)
2026-03-16 18:00:00,72.0,102.0,43.0,54.0,3.0,0.6,67.37935,99.194435,46.14241,66.350266,3.0573785,0.81120527,97.0,91.0,良 (适量活动)
2026-03-16 19:00:00,66.0,92.0,51.0,48.0,3.0,0.5,69.90573,103.02199,43.483326,68.88222,3.0449572,0.85146344,89.0,94.0,良 (适量活动)
2026-03-16 20:00:00,61.0,84.0,58.0,43.0,2.0,0.5,71.90793,105.13397,41.372555,70.92198,3.0440025,0.9014371,83.0,97.0,良 (适量活动)
2026-03-16 21:00:00,58.0,79.0,64.0,39.0,2.0,0.4,73.72644,107.0353,39.581295,72.510216,3.047023,0.951993,79.0,99.0,良 (适量活动)
2026-03-16 22:00:00,56.0,75.0,68.0,37.0,2.0,0.4,75.03501,108.47055,37.9187,73.61324,3.0337625,1.0141894,77.0,101.0,轻度污染 (敏感人群减少外出)
2026-03-16 23:00:00,55.0,73.0,70.0,36.0,2.0,0.3,75.20221,108.0862,36.5838,74.488174,2.9850898,1.0469191,75.0,101.0,轻度污染 (敏感人群减少外出)
2026-03-17 00:00:00,54.0,71.0,72.0,35.0,2.0,0.3,76.58422,109.64612,35.544983,75.43796,2.989532,1.0959353,74.0,102.0,轻度污染 (敏感人群减少外出)
2026-03-17 01:00:00,53.0,69.0,74.0,34.0,2.0,0.3,77.747345,110.96871,34.522316,76.34223,2.981677,1.1440265,73.0,104.0,轻度污染 (敏感人群减少外出)
2026-03-17 02:00:00,52.0,67.0,75.0,33.0,2.0,0.3,78.745705,112.14796,33.68602,77.0541,2.9767735,1.177616,72.0,105.0,轻度污染 (敏感人群减少外出)
2026-03-17 03:00:00,52.0,67.0,75.0,33.0,2.0,0.3,78.816345,112.080345,32.718983,77.42041,2.9515061,1.1850908,72.0,105.0,轻度污染 (敏感人群减少外出)
2026-03-17 04:00:00,53.0,69.0,73.0,34.0,2.0,0.3,78.40201,110.986244,32.844757,77.190186,2.941335,1.1571716,73.0,105.0,轻度污染 (敏感人群减少外出)
2026-03-17 05:00:00,55.0,73.0,69.0,36.0,2.0,0.4,76.63212,109.36375,34.98853,75.42816,2.9456086,1.0756382,75.0,103.0,轻度污染 (敏感人群减少外出)
2026-03-17 06:00:00,60.0,81.0,61.0,41.0,2.0,0.4,73.896774,107.09105,37.464306,72.13603,2.9824722,0.99524444,82.0,99.0,良 (适量活动)
2026-03-17 07:00:00,66.0,91.0,52.0,47.0,3.0,0.5,71.44375,105.072655,39.910446,68.92016,3.034854,0.91456026,89.0,96.0,良 (适量活动)
2026-03-17 08:00:00,72.0,100.0,44.0,53.0,3.0,0.6,69.155815,101.594246,43.631416,65.01613,2.7751877,0.850623,97.0,93.0,良 (适量活动)
2026-03-17 09:00:00,78.0,110.0,36.0,59.0,3.0,0.7,64.12382,95.03692,49.739662,59.450123,1.9915801,0.7766311,104.0,87.0,良 (适量活动)
2026-03-17 10:00:00,82.0,118.0,30.0,64.0,4.0,0.8,58.1181,86.95044,57.95176,54.040085,1.9926648,0.6590593,109.0,79.0,良 (适量活动)
2026-03-17 11:00:00,85.0,123.0,26.0,67.0,4.0,0.8,53.271168,78.81425,64.55083,49.73565,2.0224025,0.5685909,113.0,73.0,良 (适量活动)
2026-03-17 12:00:00,87.0,127.0,24.0,69.0,4.0,0.9,49.99884,73.19493,69.18433,46.56964,2.0550127,0.49304318,115.0,69.0,良 (适量活动)
2026-03-17 13:00:00,88.0,129.0,23.0,70.0,4.0,0.9,49.42616,71.82319,72.00073,45.83701,2.048533,0.46821284,117.0,69.0,良 (适量活动)
2026-03-17 14:00:00,88.0,129.0,23.0,70.0,4.0,0.9,50.324974,73.57488,71.213326,46.434906,2.054405,0.46106893,117.0,70.0,良 (适量活动)
2026-03-17 15:00:00,87.0,127.0,24.0,69.0,4.0,0.9,52.28694,76.05882,67.2372,48.42882,2.2318678,0.5097994,115.0,72.0,良 (适量活动)
2026-03-17 16:00:00,84.0,122.0,28.0,66.0,3.0,0.8,58.49534,82.89917,60.61079,54.04467,2.962338,0.6158472,112.0,80.0,良 (适量活动)
2026-03-17 17:00:00,79.0,113.0,34.0,60.0,3.0,0.7,63.106888,92.84959,51.536076,61.65854,3.056594,0.7402946,105.0,86.0,良 (适量活动)
2026-03-17 18:00:00,73.0,103.0,42.0,54.0,3.0,0.6,67.51044,99.41512,45.655163,66.42974,3.0534587,0.81655806,98.0,91.0,良 (适量活动)
2026-03-17 19:00:00,67.0,93.0,50.0,48.0,3.0,0.5,70.044624,103.17118,43.012245,68.92586,3.0397797,0.85732883,90.0,94.0,良 (适量活动)
2026-03-17 20:00:00,62.0,85.0,57.0,43.0,2.0,0.5,72.09499,105.30324,40.93685,70.98988,3.0403779,0.9076292,84.0,97.0,良 (适量活动)
2026-03-17 21:00:00,59.0,80.0,63.0,39.0,2.0,0.4,73.73359,107.11563,39.113808,72.40861,3.040656,0.9620074,80.0,99.0,良 (适量活动)
2026-03-17 22:00:00,57.0,76.0,67.0,37.0,2.0,0.4,75.059494,108.6083,37.477875,73.622406,3.0301826,1.0246861,78.0,101.0,轻度污染 (敏感人群减少外出)
2026-03-17 23:00:00,56.0,74.0,69.0,36.0,2.0,0.3,75.324585,107.95037,36.113358,74.56831,2.9803534,1.0489439,77.0,101.0,轻度污染 (敏感人群减少外出)
2026-03-18 00:00:00,55.0,72.0,71.0,35.0,2.0,0.3,76.69895,109.547356,35.255432,75.50914,2.985272,1.0965707,75.0,103.0,轻度污染 (敏感人群减少外出)
2026-03-18 01:00:00,54.0,70.0,73.0,34.0,2.0,0.3,77.88462,110.86141,34.325092,76.44501,2.9763594,1.1428028,74.0,104.0,轻度污染 (敏感人群减少外出)
2026-03-18 02:00:00,53.0,68.0,74.0,33.0,2.0,0.3,78.74633,111.920135,33.457787,77.09023,2.9678426,1.1716108,73.0,105.0,轻度污染 (敏感人群减少外出)
2026-03-18 03:00:00,53.0,68.0,74.0,33.0,2.0,0.3,78.5148,111.54286,32.330124,77.345695,2.9396517,1.1756119,73.0,105.0,轻度污染 (敏感人群减少外出)
2026-03-18 04:00:00,54.0,70.0,72.0,34.0,2.0,0.3,77.98391,110.57808,32.77795,76.96654,2.9329088,1.1435789,74.0,104.0,轻度污染 (敏感人群减少外出)
2026-03-18 05:00:00,56.0,74.0,68.0,36.0,2.0,0.4,75.949875,108.841576,35.160534,74.86462,2.9427795,1.0654519,77.0,102.0,轻度污染 (敏感人群减少外出)
2026-03-18 06:00:00,61.0,82.0,60.0,41.0,2.0,0.4,73.48935,106.68793,37.848114,71.93867,2.988669,0.98755693,83.0,99.0,良 (适量活动)
2026-03-18 07:00:00,67.0,92.0,51.0,47.0,3.0,0.5,71.32241,104.91903,40.450386,68.93095,3.038156,0.90870726,90.0,96.0,良 (适量活动)
2026-03-18 08:00:00,73.0,101.0,43.0,53.0,3.0,0.6,69.127625,101.54491,44.319374,65.230515,2.7455382,0.84760815,98.0,93.0,良 (适量活动)
2026-03-18 09:00:00,79.0,111.0,35.0,59.0,3.0,0.7,64.18474,94.95097,50.12972,59.809418,1.9784267,0.7772348,105.0,87.0,良 (适量活动)
2026-03-18 10:00:00,83.0,119.0,29.0,64.0,4.0,0.8,58.387695,86.99453,58.040154,54.413837,1.9795538,0.65809464,110.0,80.0,良 (适量活动)
2026-03-18 11:00:00,86.0,124.0,25.0,67.0,4.0,0.8,53.615135,79.09583,64.63235,50.075603,2.022961,0.57023907,114.0,74.0,良 (适量活动)
2026-03-18 12:00:00,88.0,128.0,23.0,69.0,4.0,0.9,50.377453,73.590454,68.93596,46.953037,2.0570512,0.49591753,117.0,70.0,良 (适量活动)
2026-03-18 13:00:00,89.0,130.0,22.0,70.0,4.0,0.9,49.939926,72.41567,71.20683,46.36422,2.0517616,0.471435,118.0,69.0,良 (适量活动)
2026-03-18 14:00:00,89.0,130.0,22.0,70.0,4.0,0.9,50.782623,73.52406,70.85462,46.8919,2.0556815,0.4675005,118.0,70.0,良 (适量活动)
2026-03-18 15:00:00,88.0,128.0,23.0,69.0,4.0,0.9,52.589417,75.64479,67.39804,48.696796,2.2283535,0.5120612,117.0,72.0,良 (适量活动)
2026-03-18 16:00:00,85.0,123.0,27.0,66.0,3.0,0.8,57.899628,82.51453,61.095875,54.4685,2.9282682,0.6068284,113.0,79.0,良 (适量活动)
2026-03-18 17:00:00,80.0,114.0,33.0,60.0,3.0,0.7,63.343063,92.63774,51.86835,61.811874,3.0428362,0.7415773,107.0,86.0,良 (适量活动)
2026-03-18 18:00:00,74.0,104.0,41.0,54.0,3.0,0.6,67.83175,99.6561,45.93837,66.86677,3.0613317,0.82057047,99.0,92.0,良 (适量活动)
2026-03-18 19:00:00,68.0,94.0,49.0,48.0,3.0,0.5,70.32343,103.49101,43.269268,69.376686,3.051914,0.8614589,92.0,95.0,良 (适量活动)
2026-03-18 20:00:00,63.0,86.0,56.0,43.0,2.0,0.5,72.342636,105.63048,41.254234,71.38083,3.052104,0.91109836,85.0,97.0,良 (适量活动)
2026-03-18 21:00:00,60.0,81.0,62.0,39.0,2.0,0.4,74.08894,107.48791,39.502537,72.84403,3.0538268,0.962329,82.0,99.0,良 (适量活动)
2026-03-18 22:00:00,58.0,77.0,66.0,37.0,2.0,0.4,75.36086,108.888245,37.870007,73.98257,3.038157,1.0241807,79.0,101.0,轻度污染 (敏感人群减少外出)
2026-03-18 23:00:00,57.0,75.0,68.0,36.0,2.0,0.3,75.918526,108.949486,36.336487,75.00764,2.9862373,1.0699103,78.0,102.0,轻度污染 (敏感人群减少外出)
2026-03-19 00:00:00,56.0,73.0,70.0,35.0,2.0,0.3,77.15755,110.38646,35.500088,75.86848,2.9910038,1.1162782,77.0,103.0,轻度污染 (敏感人群减少外出)
2026-03-19 01:00:00,55.0,71.0,72.0,34.0,2.0,0.3,78.234604,111.611855,34.606426,76.64471,2.982519,1.1572665,75.0,105.0,轻度污染 (敏感人群减少外出)
2026-03-19 02:00:00,54.0,69.0,73.0,33.0,2.0,0.3,78.64067,112.160805,33.428185,77.19968,2.9632611,1.1808351,74.0,105.0,轻度污染 (敏感人群减少外出)
2026-03-19 03:00:00,54.0,69.0,73.0,33.0,2.0,0.3,78.608086,111.952324,32.605778,77.37096,2.9439864,1.1797051,74.0,105.0,轻度污染 (敏感人群减少外出)
2026-03-19 04:00:00,55.0,71.0,71.0,34.0,2.0,0.3,78.02409,110.98225,33.059116,76.83144,2.9409113,1.1417933,75.0,104.0,轻度污染 (敏感人群减少外出)
2026-03-19 05:00:00,57.0,75.0,67.0,36.0,2.0,0.4,76.08651,109.34255,35.24518,74.754456,2.950662,1.0607209,78.0,102.0,轻度污染 (敏感人群减少外出)
2026-03-19 06:00:00,62.0,83.0,59.0,41.0,2.0,0.4,73.50877,107.17054,37.65015,71.6079,2.9871774,0.98385143,84.0,99.0,良 (适量活动)
2026-03-19 07:00:00,68.0,93.0,50.0,47.0,3.0,0.5,71.163246,105.23768,40.139404,68.48314,3.0342982,0.90566903,92.0,96.0,良 (适量活动)
2026-03-19 08:00:00,74.0,102.0,42.0,53.0,3.0,0.6,68.655495,101.504776,43.69655,64.893616,2.780847,0.84453595,99.0,93.0,良 (适量活动)
2026-03-19 09:00:00,80.0,112.0,34.0,59.0,3.0,0.7,63.920223,94.889244,49.459232,59.543056,1.9865605,0.77847064,107.0,87.0,良 (适量活动)
2026-03-19 10:00:00,84.0,120.0,28.0,64.0,4.0,0.8,58.45767,87.77201,57.518566,54.386097,1.9896824,0.6614765,112.0,80.0,良 (适量活动)
2026-03-19 11:00:00,87.0,125.0,24.0,67.0,4.0,0.8,53.67915,79.50118,64.19754,50.04096,2.0186057,0.5718216,115.0,74.0,良 (适量活动)
2026-03-19 12:00:00,89.0,129.0,22.0,69.0,4.0,0.9,50.436638,73.751854,68.983116,46.88384,2.050417,0.49737796,118.0,70.0,良 (适量活动)
2026-03-19 13:00:00,90.0,131.0,21.0,70.0,4.0,0.9,49.54407,72.01779,72.00868,45.871067,2.0505548,0.46741056,119.0,69.0,良 (适量活动)
2026-03-19 14:00:00,90.0,131.0,21.0,70.0,4.0,0.9,50.21956,73.38106,71.75818,46.209686,2.0533965,0.4582907,119.0,70.0,良 (适量活动)
2026-03-19 15:00:00,89.0,129.0,22.0,69.0,4.0,0.9,51.989857,74.8864,68.013306,48.08955,2.1255772,0.5045483,118.0,72.0,良 (适量活动)
2026-03-19 16:00:00,86.0,124.0,26.0,66.0,3.0,0.8,57.34076,81.88358,62.5374,53.111385,2.9291852,0.5890345,114.0,78.0,良 (适量活动)
2026-03-19 17:00:00,81.0,115.0,32.0,60.0,3.0,0.7,62.637894,91.75987,52.99522,60.75559,3.0517793,0.7243557,108.0,85.0,良 (适量活动)
2026-03-19 18:00:00,75.0,105.0,40.0,54.0,3.0,0.6,67.02155,98.73384,46.37935,65.95777,3.0560927,0.80867434,100.0,91.0,良 (适量活动)
2026-03-19 19:00:00,69.0,95.0,48.0,48.0,3.0,0.5,69.76305,102.92357,43.525055,68.63806,3.0397758,0.8489724,93.0,94.0,良 (适量活动)
2026-03-19 20:00:00,64.0,87.0,55.0,43.0,2.0,0.5,71.8902,105.0944,41.337288,70.79159,3.040353,0.9013622,87.0,97.0,良 (适量活动)
2026-03-19 21:00:00,61.0,82.0,61.0,39.0,2.0,0.4,73.671425,106.97838,39.49799,72.34789,3.0450857,0.95354277,83.0,99.0,良 (适量活动)
2026-03-19 22:00:00,59.0,78.0,65.0,37.0,2.0,0.4,74.9299,108.36755,37.81743,73.49922,3.0307968,1.0167458,80.0,100.0,良 (适量活动)
2026-03-19 23:00:00,58.0,76.0,67.0,36.0,2.0,0.3,75.00989,107.88093,36.588245,74.31676,2.9924016,1.0385712,79.0,101.0,轻度污染 (敏感人群减少外出)
2026-03-20 00:00:00,57.0,74.0,69.0,35.0,2.0,0.3,76.44703,109.53273,35.533195,75.293816,2.9961247,1.0901376,78.0,102.0,轻度污染 (敏感人群减少外出)
2026-03-20 01:00:00,56.0,72.0,71.0,34.0,2.0,0.3,77.64375,110.95558,34.62622,76.1401,2.988634,1.1381567,77.0,104.0,轻度污染 (敏感人群减少外出)
2026-03-20 02:00:00,55.0,70.0,72.0,33.0,2.0,0.3,78.65362,112.18443,33.889263,76.83146,2.9817438,1.1723735,75.0,105.0,轻度污染 (敏感人群减少外出)
2026-03-20 03:00:00,55.0,70.0,72.0,33.0,2.0,0.3,78.70493,112.15823,32.85883,77.22802,2.9534674,1.18314,75.0,105.0,轻度污染 (敏感人群减少外出)
2026-03-20 04:00:00,56.0,72.0,70.0,34.0,2.0,0.3,78.42307,111.33617,32.84724,77.12883,2.941954,1.1610034,77.0,105.0,轻度污染 (敏感人群减少外出)
2026-03-20 05:00:00,58.0,76.0,66.0,36.0,2.0,0.4,76.692535,109.88855,34.904045,75.439095,2.941683,1.0807832,79.0,103.0,轻度污染 (敏感人群减少外出)
2026-03-20 06:00:00,63.0,84.0,58.0,41.0,2.0,0.4,74.0739,107.58196,37.556213,72.29287,2.9782648,0.9961919,85.0,99.0,良 (适量活动)
2026-03-20 07:00:00,69.0,94.0,49.0,47.0,3.0,0.5,71.58866,105.45828,40.30907,69.08829,3.0386903,0.9119834,93.0,96.0,良 (适量活动)
2026-03-20 08:00:00,75.0,103.0,41.0,53.0,3.0,0.6,69.308716,102.106125,44.20457,65.32855,2.807959,0.8462472,100.0,93.0,良 (适量活动)
2026-03-20 09:00:00,81.0,113.0,33.0,59.0,3.0,0.7,64.22289,95.174,49.91349,59.762444,1.9870949,0.78001195,108.0,87.0,良 (适量活动)
2026-03-20 10:00:00,85.0,121.0,27.0,64.0,4.0,0.8,58.395054,87.46294,57.937164,54.422657,1.9836017,0.6605537,113.0,80.0,良 (适量活动)
2026-03-20 11:00:00,88.0,126.0,23.0,67.0,4.0,0.8,53.528503,79.27269,64.497635,50.049274,2.0177612,0.57051724,117.0,74.0,良 (适量活动)
2026-03-20 12:00:00,90.0,130.0,21.0,69.0,4.0,0.9,50.29387,73.65116,69.16785,46.870262,2.0585485,0.49692163,119.0,70.0,良 (适量活动)
2026-03-20 13:00:00,91.0,132.0,20.0,70.0,4.0,0.9,49.773643,71.97159,72.050606,45.97003,2.057336,0.47189793,120.0,69.0,良 (适量活动)
2026-03-20 14:00:00,91.0,132.0,20.0,70.0,4.0,0.9,50.484077,73.2942,71.52132,46.463425,2.0573456,0.46429268,120.0,70.0,良 (适量活动)
2026-03-20 15:00:00,90.0,130.0,21.0,69.0,4.0,0.9,52.078976,75.56317,67.99997,48.210213,2.1692061,0.5015759,119.0,72.0,良 (适量活动)
2026-03-20 16:00:00,87.0,125.0,25.0,66.0,3.0,0.8,57.913837,82.229294,62.020054,53.60526,2.922622,0.59307474,115.0,79.0,良 (适量活动)
2026-03-20 17:00:00,82.0,116.0,31.0,60.0,3.0,0.7,63.110123,92.11066,52.810745,61.17862,3.0464962,0.7257966,109.0,86.0,良 (适量活动)
2026-03-20 18:00:00,76.0,106.0,39.0,54.0,3.0,0.6,67.18041,99.11215,46.55183,66.35936,3.0636652,0.80776834,102.0,91.0,良 (适量活动)
2026-03-20 19:00:00,70.0,96.0,47.0,48.0,3.0,0.5,69.92679,103.134155,43.583256,69.11864,3.0522819,0.85315657,94.0,94.0,良 (适量活动)
2026-03-20 20:00:00,65.0,88.0,54.0,43.0,2.0,0.5,71.98741,105.38213,41.43679,71.18942,3.0501745,0.9045619,88.0,97.0,良 (适量活动)
2026-03-20 21:00:00,62.0,83.0,60.0,39.0,2.0,0.4,73.84499,107.40468,39.539883,72.73681,3.0537884,0.9576384,84.0,99.0,良 (适量活动)
2026-03-20 22:00:00,60.0,79.0,64.0,37.0,2.0,0.4,75.218544,108.88456,37.750023,73.91021,3.0369766,1.0236415,82.0,101.0,轻度污染 (敏感人群减少外出)
2026-03-20 23:00:00,59.0,77.0,66.0,36.0,2.0,0.3,75.65842,108.451164,36.26171,74.80382,2.994654,1.0510738,80.0,101.0,轻度污染 (敏感人群减少外出)
2026-03-21 00:00:00,58.0,75.0,68.0,35.0,2.0,0.3,77.04891,109.946396,35.095245,75.783966,2.9978,1.1022054,79.0,103.0,轻度污染 (敏感人群减少外出)
2026-03-21 01:00:00,57.0,73.0,70.0,34.0,2.0,0.3,78.12022,111.11356,34.07516,76.55739,2.986047,1.1465893,78.0,104.0,轻度污染 (敏感人群减少外出)
2026-03-21 02:00:00,56.0,71.0,71.0,33.0,2.0,0.3,78.79875,111.88608,33.266068,77.06643,2.971575,1.1724603,77.0,105.0,轻度污染 (敏感人群减少外出)
2026-03-21 03:00:00,56.0,71.0,71.0,33.0,2.0,0.3,78.68095,111.58473,32.575832,77.22772,2.9478025,1.1716655,77.0,105.0,轻度污染 (敏感人群减少外出)
2026-03-21 04:00:00,57.0,73.0,69.0,34.0,2.0,0.3,77.90466,110.518196,33.207253,76.58,2.9398084,1.1311942,78.0,104.0,轻度污染 (敏感人群减少外出)
2026-03-21 05:00:00,59.0,77.0,65.0,36.0,2.0,0.4,75.8738,108.846504,35.35749,74.36323,2.951316,1.053695,80.0,102.0,轻度污染 (敏感人群减少外出)
2026-03-21 06:00:00,64.0,85.0,57.0,41.0,2.0,0.4,73.34032,106.62739,37.83247,71.322296,2.9937344,0.97686684,87.0,98.0,良 (适量活动)
2026-03-21 07:00:00,70.0,95.0,48.0,47.0,3.0,0.5,70.930565,104.635056,40.41505,68.14385,3.0416574,0.8963981,94.0,95.0,良 (适量活动)
2026-03-21 08:00:00,76.0,104.0,40.0,53.0,3.0,0.6,68.33197,100.203766,44.08781,64.13644,2.6407251,0.8439842,102.0,92.0,良 (适量活动)
2026-03-21 09:00:00,82.0,114.0,32.0,59.0,3.0,0.7,63.567146,94.58009,50.442787,58.945843,1.9834507,0.75880206,109.0,86.0,良 (适量活动)
2026-03-21 10:00:00,86.0,122.0,26.0,64.0,4.0,0.8,57.734875,86.65934,58.43595,53.763847,1.9946011,0.6518882,114.0,79.0,良 (适量活动)
2026-03-21 11:00:00,89.0,127.0,22.0,67.0,4.0,0.8,53.17296,78.81661,64.75214,49.663853,2.0242653,0.56613797,118.0,73.0,良 (适量活动)
2026-03-21 12:00:00,91.0,131.0,20.0,69.0,4.0,0.9,49.96505,73.225296,69.324646,46.50216,2.0586333,0.49146888,120.0,69.0,良 (适量活动)
2026-03-21 13:00:00,92.0,133.0,19.0,70.0,4.0,0.9,49.390976,71.84111,72.14076,45.746025,2.0500274,0.4674113,122.0,68.0,良 (适量活动)
2026-03-21 14:00:00,92.0,133.0,19.0,70.0,4.0,0.9,50.263523,73.68413,71.40365,46.305508,2.0545068,0.45806572,122.0,70.0,良 (适量活动)
2026-03-21 15:00:00,91.0,131.0,20.0,69.0,4.0,0.9,51.936516,75.895905,67.58163,48.14631,2.1744277,0.5018277,120.0,72.0,良 (适量活动)
2026-03-21 16:00:00,88.0,126.0,24.0,66.0,3.0,0.8,57.998547,82.18564,61.222588,53.331467,2.9430647,0.6027517,117.0,79.0,良 (适量活动)
2026-03-21 17:00:00,83.0,117.0,30.0,60.0,3.0,0.7,62.87251,92.22241,52.217262,61.062096,3.055725,0.732017,110.0,85.0,良 (适量活动)
2026-03-21 18:00:00,77.0,107.0,38.0,54.0,3.0,0.6,67.441734,99.2504,45.865078,66.23244,3.0607271,0.81524223,103.0,91.0,良 (适量活动)
2026-03-21 19:00:00,71.0,97.0,46.0,48.0,3.0,0.5,70.0834,103.23916,43.06923,68.878525,3.0466707,0.85808134,95.0,94.0,良 (适量活动)
2026-03-21 20:00:00,66.0,89.0,53.0,43.0,2.0,0.5,72.18007,105.39402,40.964706,70.98944,3.0454574,0.90949094,89.0,97.0,良 (适量活动)
2026-03-21 21:00:00,63.0,84.0,59.0,39.0,2.0,0.4,73.91244,107.18618,39.11479,72.59246,3.0432856,0.96505004,85.0,99.0,良 (适量活动)
2026-03-21 22:00:00,61.0,80.0,63.0,37.0,2.0,0.4,75.18113,108.641975,37.48767,73.76256,3.0313683,1.0267665,83.0,101.0,轻度污染 (敏感人群减少外出)
2026-03-21 23:00:00,60.0,78.0,65.0,36.0,2.0,0.3,75.30058,107.929214,36.25927,74.44337,2.996924,1.0412283,82.0,101.0,轻度污染 (敏感人群减少外出)
2026-03-22 00:00:00,59.0,76.0,67.0,35.0,2.0,0.3,76.80931,109.58453,35.028713,75.57302,2.9994261,1.0946364,80.0,103.0,轻度污染 (敏感人群减少外出)
2026-03-22 01:00:00,58.0,74.0,69.0,34.0,2.0,0.3,78.02139,110.89419,33.995483,76.43481,2.986735,1.1415554,79.0,104.0,轻度污染 (敏感人群减少外出)
2026-03-22 02:00:00,57.0,72.0,70.0,33.0,2.0,0.3,78.68229,111.591385,33.030888,77.00708,2.966677,1.1699208,78.0,105.0,轻度污染 (敏感人群减少外出)
2026-03-22 03:00:00,57.0,72.0,70.0,33.0,2.0,0.3,78.6112,111.29791,32.474773,77.110596,2.941657,1.1682206,78.0,105.0,轻度污染 (敏感人群减少外出)
2026-03-22 04:00:00,57.0,73.0,69.0,34.0,2.0,0.3,77.65012,110.33899,33.429375,76.24505,2.9354327,1.1198572,78.0,104.0,轻度污染 (敏感人群减少外出)
2026-03-22 05:00:00,59.0,77.0,65.0,36.0,2.0,0.4,75.5217,108.7426,35.669758,73.76521,2.9539666,1.0403636,80.0,101.0,轻度污染 (敏感人群减少外出)
2026-03-22 06:00:00,64.0,85.0,57.0,41.0,2.0,0.4,73.058,106.72052,38.135777,70.71923,2.9989512,0.9634296,87.0,98.0,良 (适量活动)
2026-03-22 07:00:00,70.0,95.0,48.0,47.0,3.0,0.5,70.740036,104.71871,40.742027,67.80706,3.0305095,0.889481,94.0,95.0,良 (适量活动)
2026-03-22 08:00:00,76.0,104.0,40.0,53.0,3.0,0.6,67.70815,100.14684,44.45671,63.803875,2.6316326,0.83552265,102.0,91.0,良 (适量活动)
2026-03-22 09:00:00,82.0,114.0,32.0,59.0,3.0,0.7,63.233833,94.55325,50.670143,58.78793,1.9895571,0.75382584,109.0,86.0,良 (适量活动)
2026-03-22 10:00:00,86.0,122.0,26.0,64.0,4.0,0.8,57.553627,86.210976,58.64372,53.603092,1.9978789,0.64952046,114.0,79.0,良 (适量活动)
2026-03-22 11:00:00,89.0,127.0,22.0,67.0,4.0,0.8,53.03969,78.40196,64.83846,49.563328,2.0202634,0.56275076,118.0,73.0,良 (适量活动)
2026-03-22 12:00:00,91.0,131.0,20.0,69.0,4.0,0.9,49.6926,72.890594,69.353035,46.3999,2.0467045,0.48716903,120.0,69.0,良 (适量活动)
2026-03-22 13:00:00,92.0,133.0,19.0,70.0,4.0,0.9,49.26726,71.98788,71.96689,45.750828,2.0436308,0.46348685,122.0,68.0,良 (适量活动)
2026-03-22 14:00:00,92.0,133.0,19.0,70.0,4.0,0.9,49.889606,73.42029,71.649,46.07564,2.0450566,0.45313102,122.0,69.0,良 (适量活动)
2026-03-22 15:00:00,91.0,131.0,20.0,69.0,4.0,0.9,51.78279,75.10845,67.907875,48.008434,2.1170337,0.49804842,120.0,71.0,良 (适量活动)
2026-03-22 16:00:00,88.0,126.0,24.0,66.0,3.0,0.8,57.23028,81.803795,62.514977,52.716805,2.9304626,0.5809489,117.0,78.0,良 (适量活动)
2026-03-22 17:00:00,83.0,117.0,30.0,60.0,3.0,0.7,62.372723,91.12065,53.45986,60.258877,3.0563297,0.71194345,110.0,85.0,良 (适量活动)
2026-03-22 18:00:00,77.0,107.0,38.0,54.0,3.0,0.6,66.57003,98.53934,46.577015,65.709,3.0686414,0.8002726,103.0,90.0,良 (适量活动)
2026-03-22 19:00:00,71.0,97.0,46.0,48.0,3.0,0.5,69.53378,102.74962,43.403404,68.644,3.0504792,0.84674746,95.0,94.0,良 (适量活动)
2026-03-22 20:00:00,66.0,89.0,53.0,43.0,2.0,0.5,71.746376,104.98727,41.141212,70.88203,3.0466807,0.9013081,89.0,96.0,良 (适量活动)
2026-03-22 21:00:00,63.0,84.0,59.0,39.0,2.0,0.4,73.52055,106.88848,39.048946,72.36255,3.043696,0.9574129,85.0,99.0,良 (适量活动)
2026-03-22 22:00:00,61.0,80.0,63.0,37.0,2.0,0.4,74.903984,108.40551,37.313957,73.51405,3.0317266,1.0239222,83.0,100.0,良 (适量活动)
2026-03-22 23:00:00,60.0,78.0,65.0,36.0,2.0,0.3,74.73432,107.0856,36.524467,74.16471,2.9948118,1.0199306,82.0,100.0,良 (适量活动)
2026-03-23 00:00:00,59.0,76.0,67.0,35.0,2.0,0.3,76.26474,108.96594,35.436844,75.25926,2.9944305,1.0737674,80.0,102.0,轻度污染 (敏感人群减少外出)
2026-03-23 01:00:00,58.0,74.0,69.0,34.0,2.0,0.3,77.51077,110.34951,34.208054,76.12257,2.9864495,1.1194135,79.0,104.0,轻度污染 (敏感人群减少外出)
2026-03-23 02:00:00,57.0,72.0,70.0,33.0,2.0,0.3,78.473946,111.476654,33.527435,76.70682,2.982695,1.148603,78.0,105.0,轻度污染 (敏感人群减少外出)
2026-03-23 03:00:00,57.0,72.0,70.0,33.0,2.0,0.3,78.506134,111.484856,32.966267,76.91902,2.966684,1.1522814,78.0,105.0,轻度污染 (敏感人群减少外出)
2026-03-23 04:00:00,58.0,74.0,68.0,34.0,2.0,0.3,77.95113,110.49526,33.449127,76.50815,2.9497676,1.1262361,79.0,104.0,轻度污染 (敏感人群减少外出)
2026-03-23 05:00:00,60.0,78.0,64.0,36.0,2.0,0.4,76.01008,108.84757,35.4472,74.52984,2.955274,1.0563277,82.0,102.0,轻度污染 (敏感人群减少外出)
2026-03-23 06:00:00,65.0,87.0,56.0,41.0,2.0,0.4,73.58309,106.56419,37.942192,71.63801,2.9901085,0.98205763,88.0,99.0,良 (适量活动)
2026-03-23 07:00:00,71.0,97.0,47.0,47.0,3.0,0.5,71.2768,104.59421,40.55772,68.58325,3.032646,0.9031182,95.0,96.0,良 (适量活动)
2026-03-23 08:00:00,77.0,106.0,39.0,53.0,3.0,0.6,68.631226,100.58616,44.265842,64.583244,2.6716926,0.8456282,103.0,93.0,良 (适量活动)
2026-03-23 09:00:00,83.0,116.0,31.0,59.0,3.0,0.7,63.73136,94.443275,50.487206,59.2309,1.9813288,0.76305175,110.0,86.0,良 (适量活动)
2026-03-23 10:00:00,87.0,124.0,25.0,64.0,4.0,0.8,58.010456,86.4411,58.58215,53.947716,1.9855776,0.6474159,115.0,79.0,良 (适量活动)
2026-03-23 11:00:00,90.0,129.0,21.0,67.0,4.0,0.8,53.396614,78.65209,64.96211,49.725323,2.024066,0.5595538,119.0,73.0,良 (适量活动)
2026-03-23 12:00:00,92.0,133.0,19.0,69.0,4.0,0.9,50.093365,73.18489,69.26642,46.581757,2.0670657,0.486351,122.0,69.0,良 (适量活动)
2026-03-23 13:00:00,93.0,135.0,18.0,70.0,4.0,0.9,49.991104,72.65028,71.045204,46.386963,2.0553248,0.47169515,123.0,69.0,良 (适量活动)
2026-03-23 14:00:00,93.0,135.0,18.0,70.0,4.0,0.9,51.10337,74.45506,69.42561,47.348045,2.069026,0.47468108,123.0,71.0,良 (适量活动)
2026-03-23 15:00:00,92.0,133.0,19.0,69.0,4.0,0.9,54.10989,77.816284,65.40254,49.869545,2.4627638,0.5309364,122.0,74.0,良 (适量活动)
2026-03-23 16:00:00,89.0,128.0,23.0,66.0,3.0,0.8,60.298607,86.079765,58.16043,56.518147,2.988885,0.65332,118.0,82.0,良 (适量活动)
2026-03-23 17:00:00,84.0,119.0,29.0,60.0,3.0,0.7,64.58458,95.364494,49.894974,63.398552,3.0579937,0.76212066,112.0,87.0,良 (适量活动)
2026-03-23 18:00:00,78.0,109.0,37.0,54.0,3.0,0.6,68.55988,101.077805,45.074047,67.548874,3.0597873,0.8261265,104.0,92.0,良 (适量活动)
2026-03-23 19:00:00,72.0,99.0,45.0,48.0,3.0,0.5,70.68061,103.91603,42.68411,69.76238,3.0533128,0.8718698,97.0,95.0,良 (适量活动)
2026-03-23 20:00:00,67.0,91.0,52.0,43.0,2.0,0.5,72.66518,105.96146,40.747803,71.71201,3.0545146,0.92012113,90.0,98.0,良 (适量活动)
2026-03-23 21:00:00,64.0,86.0,58.0,39.0,2.0,0.4,74.218704,107.64886,38.99893,72.98999,3.0511713,0.9748026,87.0,100.0,良 (适量活动)
2026-03-23 22:00:00,62.0,82.0,62.0,37.0,2.0,0.4,75.48407,108.973274,37.50088,74.1046,3.0352206,1.0342085,84.0,101.0,轻度污染 (敏感人群减少外出)
2026-03-23 23:00:00,61.0,80.0,64.0,36.0,2.0,0.3,75.93774,108.37514,35.942986,75.01076,2.9906075,1.0607573,83.0,102.0,轻度污染 (敏感人群减少外出)
2026-03-24 00:00:00,60.0,78.0,66.0,35.0,2.0,0.3,77.242355,109.856964,35.015686,75.94164,2.9947426,1.105397,82.0,103.0,轻度污染 (敏感人群减少外出)
2026-03-24 01:00:00,59.0,76.0,68.0,34.0,2.0,0.3,78.32914,111.09785,34.146748,76.72152,2.985708,1.145367,80.0,105.0,轻度污染 (敏感人群减少外出)
2026-03-24 02:00:00,58.0,74.0,69.0,33.0,2.0,0.3,78.82135,111.69277,33.19351,77.23537,2.9681013,1.1678716,79.0,105.0,轻度污染 (敏感人群减少外出)
2026-03-24 03:00:00,58.0,74.0,69.0,33.0,2.0,0.3,78.65676,111.27316,32.645473,77.290985,2.9494457,1.162284,79.0,105.0,轻度污染 (敏感人群减少外出)
2026-03-24 04:00:00,59.0,76.0,67.0,34.0,2.0,0.3,77.641266,110.164635,33.64395,76.35106,2.9443989,1.1117582,80.0,104.0,轻度污染 (敏感人群减少外出)
2026-03-24 05:00:00,61.0,80.0,63.0,36.0,2.0,0.4,75.35247,108.424286,35.746204,73.69316,2.9592698,1.038297,83.0,101.0,轻度污染 (敏感人群减少外出)
2026-03-24 06:00:00,66.0,89.0,55.0,41.0,2.0,0.4,72.94039,106.40438,37.99966,70.79081,2.9960368,0.9665658,89.0,98.0,良 (适量活动)
2026-03-24 07:00:00,72.0,99.0,46.0,47.0,3.0,0.5,70.738075,104.5547,40.32703,67.9179,3.0292103,0.89510584,97.0,95.0,良 (适量活动)
2026-03-24 08:00:00,78.0,108.0,38.0,53.0,3.0,0.6,68.31428,100.293915,43.863697,64.20854,2.669594,0.8438961,104.0,92.0,良 (适量活动)
2026-03-24 09:00:00,84.0,118.0,30.0,59.0,3.0,0.7,63.574345,94.548485,50.388187,58.93988,1.9936397,0.76058644,112.0,86.0,良 (适量活动)
2026-03-24 10:00:00,88.0,126.0,24.0,64.0,4.0,0.8,57.72056,86.51441,58.58976,53.698174,2.0024629,0.6506253,117.0,79.0,良 (适量活动)
2026-03-24 11:00:00,91.0,131.0,20.0,67.0,4.0,0.8,53.163956,78.65309,65.01692,49.63273,2.029699,0.564231,120.0,73.0,良 (适量活动)
2026-03-24 12:00:00,93.0,135.0,18.0,69.0,4.0,0.9,50.11513,73.31505,69.44328,46.649406,2.0601704,0.4915151,123.0,69.0,良 (适量活动)
2026-03-24 13:00:00,94.0,137.0,17.0,70.0,4.0,0.9,49.672253,72.17664,71.78004,46.00664,2.0518715,0.46853107,124.0,69.0,良 (适量活动)
2026-03-24 14:00:00,94.0,137.0,17.0,70.0,4.0,0.9,50.63959,73.98657,70.58728,46.730564,2.0636673,0.46664762,124.0,70.0,良 (适量活动)
2026-03-24 15:00:00,93.0,135.0,18.0,69.0,4.0,0.9,53.10806,76.88855,66.6308,48.920074,2.339936,0.52230686,123.0,73.0,良 (适量活动)
2026-03-24 16:00:00,90.0,130.0,22.0,66.0,3.0,0.8,59.448418,84.565125,59.60462,55.152107,2.9851143,0.6371011,119.0,81.0,良 (适量活动)
2026-03-24 17:00:00,85.0,121.0,28.0,60.0,3.0,0.7,63.759823,94.106735,50.683064,62.394756,3.060719,0.7536107,113.0,86.0,良 (适量活动)
2026-03-24 18:00:00,79.0,111.0,36.0,54.0,3.0,0.6,67.90521,100.2636,45.40109,66.70944,3.0516312,0.81984365,105.0,92.0,良 (适量活动)
2026-03-24 19:00:00,73.0,101.0,44.0,48.0,3.0,0.5,70.298355,103.573296,42.865288,69.0799,3.040207,0.86358035,98.0,95.0,良 (适量活动)
2026-03-24 20:00:00,68.0,93.0,51.0,43.0,2.0,0.5,72.334526,105.642334,40.878475,71.114876,3.0416343,0.91303974,92.0,97.0,良 (适量活动)
2026-03-24 21:00:00,65.0,88.0,57.0,39.0,2.0,0.4,73.90786,107.282745,39.100883,72.59344,3.0373125,0.9693711,88.0,99.0,良 (适量活动)
2026-03-24 22:00:00,63.0,84.0,61.0,37.0,2.0,0.4,75.1343,108.64575,37.55377,73.75916,3.0273826,1.0286847,85.0,101.0,轻度污染 (敏感人群减少外出)
2026-03-24 23:00:00,62.0,82.0,63.0,36.0,2.0,0.3,75.01362,107.37653,36.429955,74.296974,2.9978356,1.0290664,84.0,101.0,轻度污染 (敏感人群减少外出)
2026-03-25 00:00:00,61.0,80.0,65.0,35.0,2.0,0.3,76.562126,109.111244,35.28785,75.40686,3.0004673,1.0815551,83.0,102.0,轻度污染 (敏感人群减少外出)
2026-03-25 01:00:00,60.0,78.0,67.0,34.0,2.0,0.3,77.86766,110.55293,34.278324,76.3579,2.9890208,1.1308376,82.0,104.0,轻度污染 (敏感人群减少外出)
2026-03-25 02:00:00,59.0,76.0,68.0,33.0,2.0,0.3,78.69709,111.47272,33.3155,77.03306,2.973642,1.1620783,80.0,105.0,轻度污染 (敏感人群减少外出)
2026-03-25 03:00:00,59.0,76.0,68.0,33.0,2.0,0.3,78.63425,111.21038,32.577076,77.20431,2.950362,1.1639563,80.0,105.0,轻度污染 (敏感人群减少外出)
2026-03-25 04:00:00,60.0,78.0,66.0,34.0,2.0,0.3,77.670555,110.255974,33.550106,76.29538,2.9398644,1.1173693,82.0,104.0,轻度污染 (敏感人群减少外出)
2026-03-25 05:00:00,62.0,82.0,62.0,36.0,2.0,0.4,75.56395,108.72395,35.7661,73.859406,2.9543488,1.041023,84.0,101.0,轻度污染 (敏感人群减少外出)
2026-03-25 06:00:00,67.0,91.0,54.0,41.0,2.0,0.4,73.1225,106.80069,38.037178,70.934654,2.9944746,0.9679215,90.0,98.0,良 (适量活动)
2026-03-25 07:00:00,73.0,101.0,45.0,47.0,3.0,0.5,70.9087,105.03723,40.457615,68.15564,3.0333712,0.89606166,98.0,95.0,良 (适量活动)
2026-03-25 08:00:00,79.0,110.0,37.0,53.0,3.0,0.6,68.65297,101.52073,43.89379,64.7485,2.782311,0.84028167,105.0,93.0,良 (适量活动)
2026-03-25 09:00:00,85.0,120.0,29.0,59.0,3.0,0.7,63.750034,95.00784,50.182808,59.26908,2.004246,0.7702826,113.0,86.0,良 (适量活动)
2026-03-25 10:00:00,89.0,128.0,23.0,64.0,4.0,0.8,57.866394,86.87308,58.482742,54.014786,2.0001724,0.656669,118.0,79.0,良 (适量活动)
2026-03-25 11:00:00,92.0,133.0,19.0,67.0,4.0,0.8,53.173542,78.89372,64.98583,49.844723,2.023833,0.5664432,122.0,73.0,良 (适量活动)
2026-03-25 12:00:00,94.0,137.0,17.0,69.0,4.0,0.9,50.116108,73.47949,69.361824,46.80274,2.0569358,0.49315614,124.0,69.0,良 (适量活动)
2026-03-25 13:00:00,95.0,139.0,16.0,70.0,4.0,0.9,49.72466,72.03198,71.684555,46.081387,2.054025,0.47217488,125.0,69.0,良 (适量活动)
2026-03-25 14:00:00,95.0,139.0,16.0,70.0,4.0,0.9,50.598125,73.49896,70.699326,46.727024,2.06502,0.47191927,125.0,70.0,良 (适量活动)
2026-03-25 15:00:00,94.0,137.0,17.0,69.0,4.0,0.9,52.69622,76.5448,67.21651,48.57048,2.276535,0.5155844,124.0,73.0,良 (适量活动)
2026-03-25 16:00:00,91.0,132.0,21.0,66.0,3.0,0.8,59.128532,83.9926,60.53514,54.551434,2.9769444,0.6231223,120.0,81.0,良 (适量活动)
2026-03-25 17:00:00,86.0,123.0,27.0,60.0,3.0,0.7,63.521915,93.31125,51.67698,61.87389,3.0629718,0.7416929,114.0,86.0,良 (适量活动)
2026-03-25 18:00:00,80.0,113.0,35.0,54.0,3.0,0.6,67.518616,99.65238,45.804165,66.541,3.0617042,0.8170664,107.0,91.0,良 (适量活动)
2026-03-25 19:00:00,74.0,103.0,43.0,48.0,3.0,0.5,70.01952,103.310074,43.163002,68.99667,3.0459747,0.85798126,99.0,94.0,良 (适量活动)
2026-03-25 20:00:00,69.0,95.0,50.0,43.0,2.0,0.5,72.07302,105.40928,41.02558,71.06181,3.0434911,0.90887934,93.0,97.0,良 (适量活动)
2026-03-25 21:00:00,66.0,90.0,56.0,39.0,2.0,0.4,73.73635,107.26058,39.057537,72.58279,3.0435128,0.9663523,89.0,99.0,良 (适量活动)
2026-03-25 22:00:00,64.0,86.0,60.0,37.0,2.0,0.4,74.9903,108.67877,37.35623,73.731285,3.0309966,1.0293608,87.0,100.0,良 (适量活动)
2026-03-25 23:00:00,63.0,84.0,62.0,36.0,2.0,0.3,74.658005,106.76037,36.493244,74.01701,2.9983635,1.0161453,85.0,100.0,良 (适量活动)
2026-03-26 00:00:00,62.0,82.0,64.0,35.0,2.0,0.3,76.24633,108.46723,35.277855,75.22263,2.9994516,1.0671344,84.0,102.0,轻度污染 (敏感人群减少外出)
2026-03-26 01:00:00,61.0,80.0,66.0,34.0,2.0,0.3,77.5389,109.852196,34.112514,76.17569,2.9876368,1.118011,83.0,104.0,轻度污染 (敏感人群减少外出)
2026-03-26 02:00:00,60.0,78.0,67.0,33.0,2.0,0.3,78.4906,110.80869,33.413548,76.75222,2.9742868,1.1496222,82.0,105.0,轻度污染 (敏感人群减少外出)
2026-03-26 03:00:00,60.0,78.0,67.0,33.0,2.0,0.3,78.57992,110.686806,32.924652,76.93183,2.9517047,1.1523304,82.0,105.0,轻度污染 (敏感人群减少外出)
2026-03-26 04:00:00,61.0,80.0,65.0,34.0,2.0,0.3,77.65635,109.86234,33.659027,76.172516,2.9388394,1.1091954,83.0,104.0,轻度污染 (敏感人群减少外出)
2026-03-26 05:00:00,63.0,84.0,61.0,36.0,2.0,0.4,75.41538,108.415375,35.59438,73.5822,2.954245,1.0384893,85.0,101.0,轻度污染 (敏感人群减少外出)
2026-03-26 06:00:00,68.0,93.0,53.0,41.0,2.0,0.4,72.99161,106.43019,37.995556,70.71254,3.0036998,0.9637061,92.0,98.0,良 (适量活动)
2026-03-26 07:00:00,74.0,103.0,44.0,47.0,3.0,0.5,70.64563,104.433426,40.700512,67.73954,3.0387523,0.88709956,99.0,95.0,良 (适量活动)
2026-03-26 08:00:00,80.0,112.0,36.0,53.0,3.0,0.6,68.12036,99.84046,44.523426,63.833836,2.5784135,0.8431989,107.0,92.0,良 (适量活动)
2026-03-26 09:00:00,86.0,122.0,28.0,59.0,3.0,0.7,63.177044,94.17144,51.43062,58.606464,1.994558,0.7509217,114.0,86.0,良 (适量活动)
2026-03-26 10:00:00,90.0,130.0,22.0,64.0,4.0,0.8,57.258778,85.6016,59.388096,53.383366,2.0021188,0.6445167,119.0,78.0,良 (适量活动)
2026-03-26 11:00:00,93.0,135.0,18.0,67.0,4.0,0.8,52.89303,78.171974,65.4477,49.47365,2.0306609,0.5601297,123.0,73.0,良 (适量活动)
2026-03-26 12:00:00,95.0,139.0,16.0,69.0,4.0,0.9,49.867027,73.01186,69.588,46.485508,2.068597,0.4885681,125.0,69.0,良 (适量活动)
2026-03-26 13:00:00,96.0,141.0,15.0,70.0,4.0,0.9,49.807983,72.17299,71.562386,46.141453,2.0562677,0.47286215,127.0,69.0,良 (适量活动)
2026-03-26 14:00:00,96.0,141.0,15.0,70.0,4.0,0.9,50.839764,73.92191,69.83817,47.106113,2.068057,0.47599,127.0,70.0,良 (适量活动)
2026-03-26 15:00:00,95.0,139.0,16.0,69.0,4.0,0.9,53.899788,77.79759,65.509094,49.675846,2.4464326,0.52923214,125.0,74.0,良 (适量活动)
2026-03-26 16:00:00,92.0,134.0,20.0,66.0,3.0,0.8,60.402416,86.20278,58.2242,56.522038,2.9894543,0.6528926,122.0,82.0,良 (适量活动)
2026-03-26 17:00:00,87.0,125.0,26.0,60.0,3.0,0.7,64.52017,95.20781,49.812874,63.385235,3.0647905,0.76482433,115.0,87.0,良 (适量活动)
2026-03-26 18:00:00,81.0,115.0,34.0,54.0,3.0,0.6,68.505905,101.00217,44.635532,67.59758,3.0621834,0.8332231,108.0,92.0,良 (适量活动)
2026-03-26 19:00:00,75.0,105.0,42.0,48.0,3.0,0.5,70.69387,103.95411,42.213387,69.804016,3.0510194,0.87712765,100.0,95.0,良 (适量活动)
2026-03-26 20:00:00,70.0,97.0,49.0,43.0,2.0,0.5,72.66352,105.95541,40.272644,71.75733,3.0504565,0.92538816,94.0,98.0,良 (适量活动)
2026-03-26 21:00:00,67.0,92.0,55.0,39.0,2.0,0.4,74.0865,107.55553,38.44677,73.02426,3.0408096,0.9866433,90.0,99.0,良 (适量活动)
2026-03-26 22:00:00,65.0,88.0,59.0,37.0,2.0,0.4,75.237,108.94952,36.992535,74.100006,3.0233052,1.0453832,88.0,101.0,轻度污染 (敏感人群减少外出)
2026-03-26 23:00:00,64.0,86.0,61.0,36.0,2.0,0.3,75.07451,106.84413,35.87034,74.18386,2.9894233,1.0281297,87.0,101.0,轻度污染 (敏感人群减少外出)
2026-03-27 00:00:00,63.0,84.0,63.0,35.0,2.0,0.3,76.75839,108.67109,34.887028,75.65397,2.9963024,1.0715576,85.0,103.0,轻度污染 (敏感人群减少外出)
2026-03-27 01:00:00,62.0,82.0,65.0,34.0,2.0,0.3,77.90412,109.91363,33.921276,76.45849,2.9867184,1.11234,84.0,104.0,轻度污染 (敏感人群减少外出)
2026-03-27 02:00:00,61.0,80.0,66.0,33.0,2.0,0.3,78.55727,110.54662,33.186184,76.941795,2.9731503,1.1348263,83.0,105.0,轻度污染 (敏感人群减少外出)
2026-03-27 03:00:00,61.0,80.0,66.0,33.0,2.0,0.3,78.27904,110.07063,32.849598,76.89716,2.9515798,1.128609,83.0,105.0,轻度污染 (敏感人群减少外出)
2026-03-27 04:00:00,62.0,82.0,64.0,34.0,2.0,0.3,76.60136,109.08302,34.02188,75.14395,2.9457386,1.0797327,84.0,103.0,轻度污染 (敏感人群减少外出)
2026-03-27 05:00:00,64.0,86.0,60.0,36.0,2.0,0.4,74.397156,107.3555,36.127457,72.573616,2.9689178,1.014963,87.0,100.0,良 (适量活动)
2026-03-27 06:00:00,69.0,95.0,52.0,41.0,2.0,0.4,72.286476,105.544136,38.443066,70.07859,3.0108385,0.9476343,93.0,97.0,良 (适量活动)
2026-03-27 07:00:00,75.0,105.0,43.0,47.0,3.0,0.5,70.28577,103.94713,40.88249,67.44178,3.0316098,0.8800047,100.0,95.0,良 (适量活动)
2026-03-27 08:00:00,81.0,114.0,35.0,53.0,3.0,0.6,68.007256,99.69778,44.57494,63.820114,2.5718853,0.8415251,108.0,92.0,良 (适量活动)
2026-03-27 09:00:00,87.0,124.0,27.0,59.0,3.0,0.7,63.132137,94.17397,51.46808,58.63966,2.0060534,0.752239,115.0,86.0,良 (适量活动)
2026-03-27 10:00:00,91.0,132.0,21.0,64.0,4.0,0.8,57.501705,85.79189,59.260693,53.56708,2.0084932,0.644686,120.0,79.0,良 (适量活动)
2026-03-27 11:00:00,94.0,137.0,17.0,67.0,4.0,0.8,53.104584,78.263664,65.44005,49.579082,2.0396717,0.55775183,124.0,73.0,良 (适量活动)
2026-03-27 12:00:00,96.0,141.0,15.0,69.0,4.0,0.9,50.289635,73.28994,69.30616,46.863983,2.0713243,0.4903192,127.0,70.0,良 (适量活动)
2026-03-27 13:00:00,97.0,143.0,14.0,70.0,4.0,0.9,50.333897,72.466644,70.89106,46.714634,2.0561135,0.4773121,128.0,70.0,良 (适量活动)
2026-03-27 14:00:00,97.0,143.0,14.0,70.0,4.0,0.9,51.30264,73.86364,69.56378,47.523685,2.0709875,0.482632,128.0,71.0,良 (适量活动)
2026-03-27 15:00:00,96.0,141.0,15.0,69.0,4.0,0.9,54.10322,77.50309,65.66431,49.810978,2.4441657,0.53253716,127.0,74.0,良 (适量活动)
2026-03-27 16:00:00,93.0,136.0,19.0,66.0,3.0,0.8,60.41403,86.08907,58.2294,56.590706,2.9750705,0.65576726,123.0,82.0,良 (适量活动)
2026-03-27 17:00:00,88.0,127.0,25.0,60.0,3.0,0.7,64.75154,95.509575,49.836803,63.56504,3.0575445,0.7688335,117.0,88.0,良 (适量活动)
2026-03-27 18:00:00,82.0,117.0,33.0,54.0,3.0,0.6,68.78288,101.3552,44.890377,67.734116,3.059649,0.8339124,109.0,93.0,良 (适量活动)
2026-03-27 19:00:00,76.0,107.0,41.0,48.0,3.0,0.5,70.89375,104.239624,42.492733,69.91973,3.052357,0.87801486,102.0,95.0,良 (适量活动)
2026-03-27 20:00:00,71.0,99.0,48.0,43.0,2.0,0.5,72.86825,106.26601,40.604107,71.86185,3.0539823,0.9258146,95.0,98.0,良 (适量活动)
2026-03-27 21:00:00,68.0,94.0,54.0,39.0,2.0,0.4,74.32675,107.86206,38.853996,73.12729,3.0459387,0.9849161,92.0,100.0,良 (适量活动)
2026-03-27 22:00:00,66.0,90.0,58.0,37.0,2.0,0.4,75.56969,109.200836,37.4215,74.26576,3.032153,1.0425335,89.0,101.0,轻度污染 (敏感人群减少外出)
2026-03-27 23:00:00,65.0,88.0,60.0,36.0,2.0,0.3,75.50438,107.541405,36.29409,74.5734,3.000494,1.030703,88.0,101.0,轻度污染 (敏感人群减少外出)
2026-03-28 00:00:00,64.0,86.0,62.0,35.0,2.0,0.3,77.08401,109.21641,35.209633,75.805786,3.0040092,1.0792581,87.0,103.0,轻度污染 (敏感人群减少外出)
2026-03-28 01:00:00,63.0,84.0,64.0,34.0,2.0,0.3,78.29489,110.459885,34.259537,76.664856,2.9923272,1.1222779,85.0,105.0,轻度污染 (敏感人群减少外出)
2026-03-28 02:00:00,62.0,82.0,65.0,33.0,2.0,0.3,78.729706,110.86092,33.281067,77.15191,2.971273,1.1448808,84.0,105.0,轻度污染 (敏感人群减少外出)
2026-03-28 03:00:00,62.0,82.0,65.0,33.0,2.0,0.3,78.38121,110.3433,33.05304,76.93252,2.9525614,1.1333911,84.0,105.0,轻度污染 (敏感人群减少外出)
2026-03-28 04:00:00,63.0,84.0,63.0,34.0,2.0,0.3,76.74192,109.32379,34.546345,75.14576,2.9459674,1.0736346,85.0,103.0,轻度污染 (敏感人群减少外出)
2026-03-28 05:00:00,65.0,88.0,59.0,36.0,2.0,0.4,74.41315,107.63187,36.559513,72.28516,2.9705336,1.0054785,88.0,100.0,良 (适量活动)
2026-03-28 06:00:00,70.0,97.0,51.0,41.0,2.0,0.4,72.16598,105.78725,38.68363,69.53476,3.0095873,0.9373694,94.0,97.0,良 (适量活动)
2026-03-28 07:00:00,76.0,107.0,42.0,47.0,3.0,0.5,69.95945,103.74759,40.787697,66.989006,3.0052154,0.8778389,102.0,94.0,良 (适量活动)
2026-03-28 08:00:00,82.0,116.0,34.0,53.0,3.0,0.6,66.98918,98.74354,44.04263,63.200512,2.5790095,0.83050853,109.0,90.0,良 (适量活动)
2026-03-28 09:00:00,88.0,126.0,26.0,59.0,3.0,0.7,62.62787,93.643745,51.70751,58.084,1.9999644,0.73477453,117.0,85.0,良 (适量活动)
2026-03-28 10:00:00,92.0,134.0,20.0,64.0,4.0,0.8,57.115246,85.45447,59.554203,53.109196,2.0127552,0.6345848,122.0,78.0,良 (适量活动)
2026-03-28 11:00:00,95.0,139.0,16.0,67.0,4.0,0.8,53.01716,78.133835,65.52275,49.44946,2.0300589,0.5536886,125.0,73.0,良 (适量活动)
2026-03-28 12:00:00,97.0,143.0,14.0,69.0,4.0,0.9,50.16382,73.31852,69.59029,46.73966,2.0577273,0.4867002,128.0,69.0,良 (适量活动)
2026-03-28 13:00:00,98.0,145.0,13.0,70.0,4.0,0.9,49.91019,72.45091,71.48427,46.21875,2.054148,0.46983153,129.0,69.0,良 (适量活动)
2026-03-28 14:00:00,98.0,145.0,13.0,70.0,4.0,0.9,50.846905,74.03558,70.25441,46.932774,2.0698533,0.47239357,129.0,70.0,良 (适量活动)
2026-03-28 15:00:00,97.0,143.0,14.0,69.0,4.0,0.9,53.33104,77.12694,66.868546,49.024292,2.353827,0.52102983,128.0,73.0,良 (适量活动)
2026-03-28 16:00:00,94.0,138.0,18.0,66.0,3.0,0.8,59.762966,85.10378,59.82802,55.540104,2.9832726,0.63814354,124.0,81.0,良 (适量活动)
2026-03-28 17:00:00,89.0,129.0,24.0,60.0,3.0,0.7,63.895687,94.24834,51.032043,62.546574,3.0610425,0.7505567,118.0,87.0,良 (适量活动)
2026-03-28 18:00:00,83.0,119.0,32.0,54.0,3.0,0.6,67.78311,100.107185,45.78284,66.81919,3.058535,0.81793225,110.0,91.0,良 (适量活动)
2026-03-28 19:00:00,77.0,109.0,40.0,48.0,3.0,0.5,70.10824,103.46631,43.141514,69.16277,3.0436537,0.85963225,103.0,94.0,良 (适量活动)
2026-03-28 20:00:00,72.0,101.0,47.0,43.0,2.0,0.5,72.13507,105.560104,41.064644,71.201775,3.0450804,0.90983266,97.0,97.0,良 (适量活动)
2026-03-28 21:00:00,69.0,96.0,53.0,39.0,2.0,0.4,73.78499,107.33696,39.219128,72.63937,3.0454342,0.96632504,93.0,99.0,良 (适量活动)
2026-03-28 22:00:00,67.0,92.0,57.0,37.0,2.0,0.4,75.04475,108.749275,37.499054,73.76807,3.0312672,1.0275459,90.0,101.0,轻度污染 (敏感人群减少外出)
2026-03-28 23:00:00,66.0,90.0,59.0,36.0,2.0,0.3,74.43582,106.598724,36.918682,73.58576,3.0068207,1.007501,89.0,100.0,良 (适量活动)
2026-03-29 00:00:00,65.0,88.0,61.0,35.0,2.0,0.3,76.15544,108.32851,35.695896,75.008446,3.005428,1.0577272,88.0,102.0,轻度污染 (敏感人群减少外出)
2026-03-29 01:00:00,64.0,86.0,63.0,34.0,2.0,0.3,77.544685,109.84959,34.640247,76.0422,2.9920774,1.1093744,87.0,104.0,轻度污染 (敏感人群减少外出)
2026-03-29 02:00:00,63.0,84.0,64.0,33.0,2.0,0.3,78.549034,110.87505,33.94209,76.679565,2.9794152,1.1415724,85.0,105.0,轻度污染 (敏感人群减少外出)
2026-03-29 03:00:00,63.0,84.0,64.0,33.0,2.0,0.3,78.56324,110.71483,33.443092,76.781425,2.9596105,1.141425,85.0,105.0,轻度污染 (敏感人群减少外出)
2026-03-29 04:00:00,64.0,86.0,62.0,34.0,2.0,0.3,77.533226,109.92975,34.378334,75.79016,2.9518285,1.0908606,87.0,104.0,轻度污染 (敏感人群减少外出)
2026-03-29 05:00:00,66.0,90.0,58.0,36.0,2.0,0.4,75.12746,108.41007,36.074825,72.96613,2.9674473,1.0221182,89.0,101.0,轻度污染 (敏感人群减少外出)
2026-03-29 06:00:00,71.0,99.0,50.0,41.0,2.0,0.4,72.6822,106.46655,38.399654,70.06213,3.0078025,0.948595,95.0,98.0,良 (适量活动)
2026-03-29 07:00:00,77.0,109.0,41.0,47.0,3.0,0.5,70.350426,104.17014,41.000523,67.338844,3.012682,0.8805149,103.0,95.0,良 (适量活动)
2026-03-29 08:00:00,83.0,118.0,33.0,53.0,3.0,0.6,67.368,98.95003,44.72091,63.281754,2.5231056,0.83466166,110.0,91.0,良 (适量活动)
2026-03-29 09:00:00,89.0,128.0,25.0,59.0,3.0,0.7,62.56474,93.59971,52.11368,58.133812,1.9922553,0.7364687,118.0,85.0,良 (适量活动)
2026-03-29 10:00:00,93.0,136.0,19.0,64.0,4.0,0.8,56.816143,85.070496,60.146217,53.03966,2.0038364,0.6325724,123.0,78.0,良 (适量活动)
2026-03-29 11:00:00,96.0,141.0,15.0,67.0,4.0,0.8,52.56063,77.63214,66.05654,49.13906,2.0326009,0.5486523,127.0,72.0,良 (适量活动)
2026-03-29 12:00:00,98.0,145.0,13.0,69.0,4.0,0.9,49.671856,72.812584,70.1095,46.2832,2.0689447,0.4810247,129.0,69.0,良 (适量活动)
2026-03-29 13:00:00,99.0,147.0,12.0,70.0,4.0,0.9,49.828465,72.48771,71.67761,46.071194,2.0557373,0.4681871,130.0,69.0,良 (适量活动)
2026-03-29 14:00:00,99.0,147.0,12.0,70.0,4.0,0.9,51.006233,74.427536,69.80432,47.1077,2.0736067,0.4736316,130.0,71.0,良 (适量活动)
2026-03-29 15:00:00,98.0,145.0,13.0,69.0,4.0,0.9,54.21775,78.157364,65.98023,49.608147,2.4749992,0.5305035,129.0,75.0,良 (适量活动)
2026-03-29 16:00:00,95.0,140.0,17.0,66.0,3.0,0.8,60.298653,85.82695,59.02358,56.024235,3.0043006,0.6464963,125.0,82.0,良 (适量活动)
2026-03-29 17:00:00,90.0,131.0,23.0,60.0,3.0,0.7,64.151024,94.77921,50.397545,62.911915,3.0655591,0.7598175,119.0,87.0,良 (适量活动)
2026-03-29 18:00:00,84.0,121.0,31.0,54.0,3.0,0.6,68.125114,101.03941,45.38475,67.108665,3.0585148,0.8225029,112.0,92.0,良 (适量活动)
2026-03-29 19:00:00,78.0,111.0,39.0,48.0,3.0,0.5,70.4346,104.042336,43.1127,69.365555,3.0477655,0.86659795,104.0,95.0,良 (适量活动)
2026-03-29 20:00:00,73.0,103.0,46.0,43.0,2.0,0.5,72.52737,106.06312,41.21484,71.404686,3.0480332,0.91645217,98.0,97.0,良 (适量活动)
2026-03-29 21:00:00,70.0,98.0,52.0,39.0,2.0,0.4,74.166115,107.68259,39.457466,72.913124,3.0410562,0.9744886,94.0,99.0,良 (适量活动)
2026-03-29 22:00:00,68.0,94.0,56.0,37.0,2.0,0.4,75.402885,108.996735,37.835014,74.09594,3.027598,1.0347531,92.0,101.0,轻度污染 (敏感人群减少外出)
2026-03-29 23:00:00,67.0,92.0,58.0,36.0,2.0,0.3,73.86854,106.54199,37.352283,72.729164,3.0342026,0.9964785,90.0,99.0,良 (适量活动)
2026-03-30 00:00:00,66.0,90.0,60.0,35.0,2.0,0.3,76.03325,108.40472,36.03485,74.84871,3.0316324,1.0421406,89.0,102.0,轻度污染 (敏感人群减少外出)
2026-03-30 01:00:00,65.0,88.0,62.0,34.0,2.0,0.3,77.4592,109.71083,34.818172,75.98626,3.017049,1.0879605,88.0,104.0,轻度污染 (敏感人群减少外出)
2026-03-30 02:00:00,64.0,86.0,63.0,33.0,2.0,0.3,78.26104,110.435196,33.954468,76.54918,3.0014257,1.1171682,87.0,105.0,轻度污染 (敏感人群减少外出)
2026-03-30 03:00:00,64.0,86.0,63.0,33.0,2.0,0.3,78.079025,110.081024,33.508015,76.54395,2.9771369,1.1171633,87.0,104.0,轻度污染 (敏感人群减少外出)
2026-03-30 04:00:00,65.0,88.0,61.0,34.0,2.0,0.3,76.61107,109.06526,34.740215,75.059975,2.9588864,1.0704741,88.0,103.0,轻度污染 (敏感人群减少外出)
2026-03-30 05:00:00,67.0,92.0,57.0,36.0,2.0,0.4,74.442154,107.3414,36.746086,72.54242,2.9738045,1.0083153,90.0,100.0,良 (适量活动)
2026-03-30 06:00:00,72.0,101.0,49.0,41.0,2.0,0.4,72.43707,105.54356,38.85139,70.1265,3.0058005,0.94538134,97.0,97.0,良 (适量活动)
2026-03-30 07:00:00,78.0,111.0,40.0,47.0,3.0,0.5,70.39416,103.699844,41.187286,67.37508,3.0170534,0.8790247,104.0,95.0,良 (适量活动)
2026-03-30 08:00:00,84.0,120.0,32.0,53.0,3.0,0.6,68.005165,98.80299,44.660557,63.575882,2.5377045,0.8396775,112.0,92.0,良 (适量活动)
2026-03-30 09:00:00,90.0,130.0,24.0,59.0,3.0,0.7,63.217903,93.8147,51.532127,58.45799,2.0016022,0.7423013,119.0,86.0,良 (适量活动)
2026-03-30 10:00:00,94.0,138.0,18.0,64.0,4.0,0.8,57.523407,85.98332,59.370045,53.48948,2.0090406,0.6400809,124.0,79.0,良 (适量活动)
2026-03-30 11:00:00,97.0,143.0,14.0,67.0,4.0,0.8,53.16905,78.51963,65.3991,49.61333,2.0378587,0.557795,128.0,73.0,良 (适量活动)
2026-03-30 12:00:00,99.0,147.0,12.0,69.0,4.0,0.9,50.16093,73.261246,69.58603,46.681324,2.0755296,0.48820782,130.0,69.0,良 (适量活动)
2026-03-30 13:00:00,100.0,149.0,11.0,70.0,4.0,0.9,50.31037,72.61715,71.307274,46.470573,2.06246,0.47507194,132.0,70.0,良 (适量活动)
2026-03-30 14:00:00,100.0,149.0,11.0,70.0,4.0,0.9,51.349625,74.31729,69.569336,47.430134,2.0767443,0.47999817,132.0,71.0,良 (适量活动)
2026-03-30 15:00:00,99.0,147.0,12.0,69.0,4.0,0.9,54.304924,77.89145,65.54239,49.91305,2.4549038,0.5306812,130.0,75.0,良 (适量活动)
2026-03-30 16:00:00,96.0,142.0,16.0,66.0,3.0,0.8,60.70627,86.44794,58.27772,56.789577,2.97866,0.6550677,127.0,83.0,良 (适量活动)
2026-03-30 17:00:00,91.0,133.0,22.0,60.0,3.0,0.7,64.835205,95.56278,50.05398,63.606808,3.058461,0.7643952,120.0,88.0,良 (适量活动)
2026-03-30 18:00:00,85.0,123.0,30.0,54.0,3.0,0.6,68.686775,101.15234,45.121727,67.82041,3.066868,0.83221966,113.0,93.0,良 (适量活动)
2026-03-30 19:00:00,79.0,113.0,38.0,48.0,3.0,0.5,70.75804,104.06862,42.747852,69.96757,3.0561588,0.87468344,105.0,95.0,良 (适量活动)
2026-03-30 20:00:00,74.0,105.0,45.0,43.0,2.0,0.5,72.725815,106.13088,40.79855,71.87426,3.055101,0.9226717,99.0,98.0,良 (适量活动)
2026-03-30 21:00:00,71.0,100.0,51.0,39.0,2.0,0.4,74.25018,107.85404,38.954,73.11909,3.0492425,0.9810582,95.0,100.0,良 (适量活动)
2026-03-30 22:00:00,69.0,96.0,55.0,37.0,2.0,0.4,75.57723,109.3133,37.42566,74.29976,3.0351167,1.0414443,93.0,101.0,轻度污染 (敏感人群减少外出)
2026-03-30 23:00:00,68.0,94.0,57.0,36.0,2.0,0.3,75.336174,107.3838,36.413834,74.27782,3.007769,1.0242401,92.0,101.0,轻度污染 (敏感人群减少外出)
2026-03-31 00:00:00,67.0,92.0,59.0,35.0,2.0,0.3,77.04484,109.068214,35.360275,75.69302,3.009094,1.0716834,90.0,103.0,轻度污染 (敏感人群减少外出)
2026-03-31 01:00:00,66.0,90.0,61.0,34.0,2.0,0.3,78.257,110.25202,34.42573,76.56429,2.9945643,1.114714,89.0,105.0,轻度污染 (敏感人群减少外出)
2026-03-31 02:00:00,65.0,88.0,62.0,33.0,2.0,0.3,78.69831,110.59729,33.513905,77.03495,2.9727056,1.1356137,88.0,105.0,轻度污染 (敏感人群减少外出)
2026-03-31 03:00:00,65.0,88.0,62.0,33.0,2.0,0.3,78.13152,110.10059,33.389664,76.69178,2.9520006,1.1185791,88.0,104.0,轻度污染 (敏感人群减少外出)
2026-03-31 04:00:00,66.0,90.0,60.0,34.0,2.0,0.3,76.28231,109.019104,34.73753,74.61674,2.948687,1.0630089,89.0,102.0,轻度污染 (敏感人群减少外出)
2026-03-31 05:00:00,68.0,94.0,56.0,36.0,2.0,0.4,74.001755,107.32422,36.72614,71.89299,2.973287,0.9969781,92.0,99.0,良 (适量活动)
2026-03-31 06:00:00,73.0,103.0,48.0,41.0,2.0,0.4,71.79096,105.49842,38.930702,69.2181,3.0122867,0.929058,98.0,96.0,良 (适量活动)
2026-03-31 07:00:00,79.0,113.0,39.0,47.0,3.0,0.5,69.64244,103.368004,41.357418,66.58662,2.989495,0.8678707,105.0,94.0,良 (适量活动)
2026-03-31 08:00:00,85.0,122.0,31.0,53.0,3.0,0.6,66.418076,97.49264,44.955517,62.40134,2.398847,0.8295125,113.0,90.0,良 (适量活动)
2026-03-31 09:00:00,91.0,132.0,23.0,59.0,3.0,0.7,61.85629,92.614586,52.8154,57.419086,1.9999802,0.7225083,120.0,84.0,良 (适量活动)
2026-03-31 10:00:00,95.0,140.0,17.0,64.0,4.0,0.8,56.620193,84.560196,60.43673,52.658245,2.0153298,0.62512213,125.0,78.0,良 (适量活动)
2026-03-31 11:00:00,98.0,145.0,13.0,67.0,4.0,0.8,52.689636,77.55034,66.0921,49.099342,2.0379095,0.5470839,129.0,73.0,良 (适量活动)
2026-03-31 12:00:00,100.0,149.0,11.0,69.0,4.0,0.9,49.9532,72.87193,70.026535,46.465504,2.067923,0.48249927,132.0,69.0,良 (适量活动)
2026-03-31 13:00:00,101.0,151.0,10.0,70.0,4.0,0.9,49.90021,72.23862,71.67718,46.208744,2.0509303,0.46946347,133.0,69.0,良 (适量活动)
2026-03-31 14:00:00,101.0,151.0,10.0,70.0,4.0,0.9,51.05017,74.13232,69.847206,47.19478,2.0712175,0.4760175,133.0,71.0,良 (适量活动)
2026-03-31 15:00:00,100.0,149.0,11.0,69.0,4.0,0.9,54.097183,77.73386,66.118576,49.588547,2.4556077,0.5327744,132.0,74.0,良 (适量活动)
2026-03-31 16:00:00,97.0,144.0,15.0,66.0,3.0,0.8,60.38659,86.20628,58.601665,56.413586,2.9909382,0.6562638,128.0,82.0,良 (适量活动)
2026-03-31 17:00:00,92.0,135.0,21.0,60.0,3.0,0.7,64.46721,95.333015,50.054993,63.239258,3.0595906,0.76529026,122.0,87.0,良 (适量活动)
2026-03-31 18:00:00,86.0,125.0,29.0,54.0,3.0,0.6,68.29698,101.06184,45.26223,67.22176,3.0533967,0.8247501,114.0,92.0,良 (适量活动)
2026-03-31 19:00:00,80.0,115.0,37.0,48.0,3.0,0.5,70.51685,104.04427,42.81501,69.50158,3.0454051,0.8698636,107.0,95.0,良 (适量活动)
2026-03-31 20:00:00,75.0,107.0,44.0,43.0,2.0,0.5,72.57993,106.0823,40.83946,71.53839,3.046594,0.91991705,100.0,97.0,良 (适量活动)
2026-03-31 21:00:00,72.0,102.0,50.0,39.0,2.0,0.4,74.1264,107.692314,39.010612,72.92948,3.0395868,0.97922575,97.0,99.0,良 (适量活动)
2026-03-31 22:00:00,70.0,98.0,54.0,37.0,2.0,0.4,75.326775,109.033165,37.46868,74.0278,3.0273204,1.0380677,94.0,101.0,轻度污染 (敏感人群减少外出)
