datetime,temperature,humidity,wind_speed,PM2.5,PM10,O3,NO2,SO2,CO,O3_8h,AQI,Primary
2026-03-01 00:00:00,13.2,54,1.5,73.91879040404041,106.58055952380953,37.83262105949606,71.92055079081995,3.0,0.9492173160173161,44.72907763243701,99,PM2.5
2026-03-01 01:00:00,12.8,56,0.5,74.93002849927849,108.79019047619047,36.8218035991786,72.92436031462947,3.0,1.0925,41.70680308233433,100,PM2.5
2026-03-01 02:00:00,12.4,58,1.0,76.97548881673882,111.01490674603174,34.04017173104673,74.91097051080584,3.0,1.1019952380952382,39.46182454871517,102,PM2.5
2026-03-01 03:00:00,12.0,60,0.7,77.97763167388167,112.02301424963925,33.04017173104673,75.91097051080584,3.987345238095238,1.2985,37.84184601509602,104,PM2.5
2026-03-01 04:00:00,11.7,61,4.5,77.58254387060308,113.01574007936507,32.04017173104673,76.91097051080584,3.987345238095238,1.262770292207792,36.471867481476856,103,PM2.5
2026-03-01 05:00:00,11.9,60,2.4,78.7084624867092,112.59866666666667,31.04017173104673,76.54091768933681,3.0,1.262770292207792,35.2268889478577,105,PM2.5
2026-03-01 06:00:00,12.3,58,0.7,79.29089739427239,114.385,31.010119047619046,76.69,3.0,1.104,34.22815382881008,105,PM2.5
2026-03-01 07:00:00,13.0,55,0.3,75.64648826173826,111.45,35.25476190476191,72.305,3.0,0.9495000000000001,33.884999066905316,101,PM2.5
2026-03-01 08:00:00,13.8,52,2.2,71.77991391941391,106.65,41.251666666666665,67.455,3.0,0.8630000000000001,34.312379767801644,96,PM2.5
2026-03-01 09:00:00,14.7,49,0.4,65.77943321955821,99.675,47.25476190476191,60.92436031462947,2.0,0.7865000000000001,35.61649955599956,88,PM2.5
2026-03-01 10:00:00,15.6,46,0.6,59.17710515873016,90.655,57.0,53.0,2.976168650793651,0.5999999999999999,38.486478089618714,80,PM2.5
2026-03-01 11:00:00,16.3,43,1.5,53.18361111111111,82.655,64.0,48.0,2.992404761904762,0.4999999999999999,42.356456623237875,73,PM2.5
2026-03-01 12:00:00,16.8,41,2.2,49.09175,75.465,70.0,44.0,2.9845,0.3999999999999999,47.10143515685703,68,PM2.5
2026-03-01 13:00:00,17.0,40,2.2,46.09075,71.465,74.0,42.0,2.967073412698413,0.3999999999999999,52.47141369047619,64,PM2.5
2026-03-01 14:00:00,17.1,39,4.7,45.10775,69.465,77.0,41.0,2.9656150793650795,0.29999999999999993,58.220148809523806,63,PM2.5
2026-03-01 15:00:00,16.9,40,4.0,46.63857341269841,70.51,73.25,43.455,2.9656150793650795,0.3755,62.96955357142857,65,PM2.5
2026-03-01 16:00:00,16.4,42,3.5,50.93175,74.795,63.74,49.0,2.9894464285714286,0.4755,65.78059523809523,70,PM2.5
2026-03-01 17:00:00,15.5,46,3.5,59.655,85.61333333333333,54.425,58.00029411764706,3.990904761904762,0.583,66.676875,81,PM2.5
2026-03-01 18:00:00,14.2,51,1.8,64.2,94.0908492063492,43.230000000000004,64.21083333333333,3.969573412698413,0.6829999999999999,64.955625,86,PM2.5
2026-03-01 19:00:00,12.7,57,1.9,70.555,103.29084920634921,39.519999999999996,70.0,3.969573412698413,0.8709999999999999,61.895625,94,PM2.5
2026-03-01 20:00:00,11.3,63,2.6,70.935,102.795,38.76,70.0,4.0,0.8565999999999999,57.990625,95,PM2.5
2026-03-01 21:00:00,10.2,68,0.2,72.24288045288046,105.485,39.025440476190475,71.0,3.976168650793651,0.9637874999999998,53.61880505952381,97,PM2.5
2026-03-01 22:00:00,9.3,72,0.6,74.23401659451659,107.175,37.02710714285714,72.0,3.0,0.9397875,48.622193452380955,99,PM2.5
2026-03-01 23:00:00,8.7,75,0.3,75.17135893273394,109.175,36.01345238095238,73.0,3.0,1.0600999999999998,43.967625,100,PM2.5
2026-03-02 00:00:00,8.2,77,3.8,76.24182661782662,110.265,35.015928571428574,74.0,3.0,1.0011,40.37711607142857,102,PM2.5
2026-03-02 01:00:00,7.8,79,6.9,77.06865277777777,112.095,34.02198809523809,75.0,3.0,1.1703875,37.82673958333333,103,PM2.5
2026-03-02 02:00:00,7.5,81,6.0,78.13321428571429,113.07,33.01865476190476,74.91097051080584,3.0,1.1067875,36.55032142857143,104,PM2.5
2026-03-02 03:00:00,7.3,82,3.5,78.62858495670996,114.205,33.04017173104673,75.91097051080584,3.0,1.2657874999999998,35.74034289495227,105,PM2.5
2026-03-02 04:00:00,7.4,81,2.7,78.67548268398268,115.17,32.04017173104673,76.91097051080584,3.0,1.2135,34.90036436133311,105,PM2.5
2026-03-02 05:00:00,7.8,79,3.9,78.87148845598846,112.6325238095238,31.04017173104673,76.57858435600347,3.0,1.205652380952381,33.90220576819014,105,PM2.5
2026-03-02 06:00:00,8.5,76,0.8,77.85196374458874,111.6195,32.04017173104673,75.5771557845749,3.0,1.1065589285714286,33.27883884171384,104,PM2.5
2026-03-02 07:00:00,9.6,71,0.4,74.84982088744589,108.62307142857144,34.04117173104673,72.5771557845749,3.016153499278499,1.037525849150849,33.032303760475635,100,PM2.5
2026-03-02 08:00:00,11.0,65,1.3,70.84278914141414,104.01490674603174,40.042227286602284,67.91097051080584,3.0,0.9128119588744589,33.66059109987235,95,PM2.5
2026-03-02 09:00:00,12.5,59,2.0,64.9784531024531,97.02299007936507,46.04600506438006,61.910970510805846,2.004248737373737,0.8115265498390499,35.16359322101509,87,PM2.5
2026-03-02 10:00:00,14.0,53,2.4,57.0,85.0,57.0,53.0,2.0,0.5999999999999999,38.161261375777,78,PM2.5
2026-03-02 11:00:00,15.2,48,3.0,51.0,77.0,64.0,48.0,2.0,0.4999999999999999,42.03123990939616,70,PM2.5
2026-03-02 12:00:00,16.0,45,4.6,47.0,70.0,70.0,44.0,2.0,0.3999999999999999,46.77621844301532,65,PM2.5
2026-03-02 13:00:00,16.4,43,6.7,45.959607142857145,71.125,74.0,42.0,2.9894464285714286,0.3999999999999999,52.14619697663448,64,PM2.5
2026-03-02 14:00:00,16.5,43,7.2,44.992607142857146,69.125,77.0,41.0,2.9894464285714286,0.29999999999999993,57.76617551025363,62,PM2.5
2026-03-02 15:00:00,16.2,44,7.0,46.65262103174603,70.355,73.25,43.455,2.9894464285714286,0.387,62.667279043872796,65,PM2.5
2026-03-02 16:00:00,15.6,47,5.7,50.85785714285714,74.485,63.82,49.0,2.9894464285714286,0.4755,65.63950063304752,70,PM2.5
2026-03-02 17:00:00,14.5,52,6.6,59.635,85.66833333333334,54.42,58.0,3.9966666666666666,0.583,66.68625,81,PM2.5
2026-03-02 18:00:00,13.0,59,2.3,64.38,93.7208492063492,43.375,64.37,3.976168650793651,0.7704999999999997,64.983125,87,PM2.5
2026-03-02 19:00:00,11.4,66,4.7,70.58,102.7208492063492,39.495,70.0,3.976168650793651,0.8704999999999998,61.92,94,PM2.5
2026-03-02 20:00:00,10.0,72,8.6,70.935,102.795,38.355000000000004,70.0,3.976168650793651,0.8574999999999999,57.964375000000004,95,PM2.5
2026-03-02 21:00:00,9.0,77,10.9,72.31366666666666,105.585,39.01782142857143,71.0,3.026313963813964,0.9658846153846152,53.59160267857143,97,PM2.5
2026-03-02 22:00:00,8.3,80,12.3,74.31964285714285,107.265,37.0169880952381,72.0,3.0,0.9034875,48.59372619047619,99,PM2.5
2026-03-02 23:00:00,7.9,82,11.7,75.09916666666666,109.095,36.0169880952381,73.0,3.016153499278499,1.0599874999999999,43.93959970238095,100,PM2.5
2026-03-03 00:00:00,7.6,84,12.0,76.07348611111111,110.095,35.00083333333333,74.0,3.0,1.0101,40.33720386904762,101,PM2.5
2026-03-03 01:00:00,7.4,85,10.5,76.49763852813852,111.815,35.04017173104673,73.90954193937728,3.0,1.1701,37.91472533542846,102,PM2.5
2026-03-03 02:00:00,7.2,86,8.2,77.54263852813853,112.815,34.04017173104673,74.90954193937728,3.0,1.1091,36.7478718018093,103,PM2.5
2026-03-03 03:00:00,7.1,87,8.0,77.97548881673882,112.01490674603174,33.04017173104673,75.90954193937728,3.0,1.257,35.94101826819014,104,PM2.5
2026-03-03 04:00:00,7.3,86,8.3,77.8057821969697,113.01490674603174,32.04017173104673,76.91097051080584,3.0,1.2046339285714285,35.151664734570986,104,PM2.5
2026-03-03 05:00:00,7.8,84,3.9,78.84465422077922,112.61866666666667,31.04017173104673,76.5771557845749,3.0,1.2045,34.154458522380395,105,PM2.5
2026-03-03 06:00:00,8.8,80,6.6,77.85017803030303,111.6195,32.04017173104673,75.5771557845749,3.0,1.138375,33.53235647685648,104,PM2.5
2026-03-03 07:00:00,10.2,74,4.3,74.84365422077921,108.62307142857144,34.04017173104673,72.57858435600347,3.004248737373737,1.0142015498390498,33.28525443133256,100,PM2.5
2026-03-03 08:00:00,11.8,67,4.0,70.83551533189033,104.01490674603174,40.04017173104673,67.90954193937728,3.0,0.9114369588744589,33.91517173104673,95,PM2.5
2026-03-03 09:00:00,13.4,60,2.4,64.97548881673882,97.01490674603174,46.04017173104673,61.90954193937727,2.0,0.8129369588744589,35.29017173104673,87,PM2.5
2026-03-03 10:00:00,14.8,54,3.5,57.0,85.0,57.0,53.0,2.0,0.5999999999999999,38.16015026466589,78,PM2.5
2026-03-03 11:00:00,15.9,49,5.8,51.0,77.0,64.0,48.0,2.0,0.4999999999999999,42.03012879828505,70,PM2.5
2026-03-03 12:00:00,16.6,46,5.7,47.0,70.0,70.0,44.0,2.0,0.3999999999999999,46.77510733190421,65,PM2.5
2026-03-03 13:00:00,16.9,45,3.0,46.03,71.21,74.0,42.0,2.994327380952381,0.3999999999999999,52.14508586552337,64,PM2.5
2026-03-03 14:00:00,17.0,44,4.8,45.05,69.21,77.0,41.0,2.994327380952381,0.29999999999999993,57.76506439914253,63,PM2.5
2026-03-03 15:00:00,16.7,46,10.3,46.71030952380952,70.38,73.25,42.9229317432009,2.9894464285714286,0.386,62.66629293276168,65,PM2.5
2026-03-03 16:00:00,16.0,49,10.5,50.924,74.605,63.93,49.0,2.9960416666666667,0.47450000000000003,65.65252146638085,70,PM2.5
2026-03-03 17:00:00,14.8,55,4.0,59.635,85.70395833333333,54.405,58.0,3.9960416666666667,0.5825,66.698125,81,PM2.5
2026-03-03 18:00:00,13.2,62,6.9,64.34,93.71,43.33,64.305,4.0,0.7704999999999997,64.98937500000001,87,PM2.5
2026-03-03 19:00:00,11.5,70,9.3,70.59,102.71,39.495,70.0,4.0,0.8704999999999998,61.92625,94,PM2.5
2026-03-03 20:00:00,10.1,76,5.9,70.935,102.795,38.875,70.0,4.0,0.8574999999999999,58.035624999999996,95,PM2.5
2026-03-03 21:00:00,9.1,80,1.2,72.31827777777778,105.585,39.008452380952384,71.0,3.0,0.9579999999999999,53.66168154761905,97,PM2.5
2026-03-03 22:00:00,8.4,83,1.3,74.31151709401709,107.265,37.007619047619045,72.0,3.0,0.9031,48.66263392857143,99,PM2.5
2026-03-03 23:00:00,8.0,85,4.6,75.08869169719169,109.095,36.001666666666665,73.0,3.0,1.0594999999999999,44.00659226190476,100,PM2.5
2026-03-04 00:00:00,7.7,87,7.4,75.92332539682539,109.715,35.0,72.90954193937728,3.0,1.007,40.39034226190476,101,PM2.5
2026-03-04 01:00:00,7.5,88,3.7,76.41092424242424,111.495,35.04017173104673,73.90954193937728,3.0,1.1702714285714284,37.969738728285606,102,PM2.5
2026-03-04 02:00:00,7.3,89,6.2,76.97322691197691,111.01219841269841,34.04017173104673,74.90954193937728,3.0,1.1013238095238096,36.80851019466645,102,PM2.5
2026-03-04 03:00:00,7.2,90,9.0,77.97322691197691,112.01219841269841,33.04017173104673,75.90954193937728,3.0,1.2575624999999997,36.001656661047285,104,PM2.5
2026-03-04 04:00:00,7.4,89,8.5,77.82010254329005,113.01219841269841,32.04017173104673,76.90954193937728,3.0,1.2046625,35.14730312742813,104,PM2.5
2026-03-04 05:00:00,8.0,86,8.1,78.84374152236653,112.61783333333334,31.04017173104673,76.5771557845749,3.0,1.2045,34.15126804618992,105,PM2.5
2026-03-04 06:00:00,9.1,82,9.1,77.84064628427129,111.61783333333334,32.04017173104673,75.5771557845749,3.0,1.1130976731601732,33.53033713161838,104,PM2.5
2026-03-04 07:00:00,10.7,75,9.7,74.83909866522366,108.61783333333334,34.04017173104673,72.5771557845749,3.0,1.0112226731601732,33.285150264665894,100,PM2.5
2026-03-04 08:00:00,12.3,68,8.6,70.85515818903319,103.99219841269841,40.04017173104673,67.87187527271061,3.0,0.9112226731601731,33.91517173104673,95,PM2.5
2026-03-04 09:00:00,13.9,61,10.7,61.08416666666667,92.535,51.67727272727273,58.641363636363636,2.0,0.6999999999999997,35.99480935557498,83,PM2.5
2026-03-04 10:00:00,15.3,55,9.8,57.0,85.0,57.0,53.0,2.0,0.5999999999999999,38.86478788919414,78,PM2.5
2026-03-04 11:00:00,16.4,50,10.6,51.0,77.0,64.0,48.0,2.0,0.4999999999999999,42.7347664228133,70,PM2.5
2026-03-04 12:00:00,17.1,47,9.0,47.0,70.0,70.0,44.0,2.0,0.3999999999999999,47.479744956432455,65,PM2.5
2026-03-04 13:00:00,17.4,46,6.9,44.0,66.0,74.0,42.0,2.994327380952381,0.3999999999999999,52.849723490051616,61,PM2.5
2026-03-04 14:00:00,17.5,45,9.6,45.05,69.21,77.0,41.0,2.994327380952381,0.29999999999999993,58.46970202367078,63,PM2.5
2026-03-04 15:00:00,17.2,47,9.4,46.72146153846154,70.38,73.25083333333333,42.9229317432009,2.994327380952381,0.3865,63.3710347239566,65,PM2.5
2026-03-04 16:00:00,16.4,50,7.1,50.92346153846154,74.605,63.93,49.0,2.9960416666666667,0.47500000000000003,66.35726325757575,70,PM2.5
2026-03-04 17:00:00,15.1,56,5.7,59.635,85.70395833333333,54.405,58.0,3.9960416666666667,0.5825,66.69822916666666,81,PM2.5
2026-03-04 18:00:00,13.4,64,5.9,64.325,93.71166666666667,43.325,64.3,4.0,0.7704999999999997,64.98885416666667,87,PM2.5
2026-03-04 19:00:00,11.7,72,6.1,70.585,102.805,39.495,70.0,4.0,0.8704999999999998,61.92572916666667,94,PM2.5
2026-03-04 20:00:00,10.2,78,8.3,70.935,102.795,38.955,70.0,4.0,0.8574999999999999,58.04510416666667,95,PM2.5
2026-03-04 21:00:00,9.2,82,7.8,72.32416666666667,105.585,39.02032142857143,71.0,3.0,0.9579999999999999,53.6726443452381,97,PM2.5
2026-03-04 22:00:00,8.5,85,6.6,74.19,107.095,37.017809523809525,72.0,3.0,0.9034589285714286,48.674870535714284,99,PM2.5
2026-03-04 23:00:00,8.1,87,5.6,74.9245,108.86,36.00909523809524,73.0,3.0,1.0598936507936507,44.019653273809524,100,PM2.5
2026-03-05 00:00:00,7.8,89,4.1,75.8395,109.43,35.0082619047619,72.90704193937727,3.0,1.0115714285714286,40.404436011904764,101,PM2.5
2026-03-05 01:00:00,7.6,90,6.4,76.22284884559885,111.425,35.070036810411814,73.90942289175823,3.0,1.1843936507936508,37.98756561320624,102,PM2.5
2026-03-05 02:00:00,7.4,91,6.3,76.95330230880231,111.01219841269841,34.06398919136419,74.90870860604394,3.0,1.1021460317460319,36.82993926212676,102,PM2.5
2026-03-05 03:00:00,7.3,92,5.9,77.97322691197691,112.01219841269841,33.04017173104673,75.91097051080584,3.0,1.2591460317460315,36.0230857285076,104,PM2.5
2026-03-05 04:00:00,7.5,91,5.7,77.80466612554112,113.01219841269841,32.04017173104673,76.91097051080584,3.0,1.2068238095238095,35.15873219488845,104,PM2.5
2026-03-05 05:00:00,8.1,88,5.5,78.78897366522366,112.61783333333334,31.04017173104673,76.57858435600347,3.0,1.2063238095238096,34.16121348269786,105,PM2.5
2026-03-05 06:00:00,9.3,83,5.7,77.8552803030303,111.50783333333334,32.06846538184038,75.48240120582032,2.625,1.1130976731601732,33.542545464951715,104,PM2.5
2026-03-05 07:00:00,10.9,76,5.2,71.13702380952381,104.444375,38.91491161616162,69.70719696969697,3.0,0.9327,33.905772512210014,95,PM2.5
2026-03-05 08:00:00,12.5,69,6.4,67.13702380952381,99.68083333333334,45.33833333333333,64.535,3.0,0.8325,35.197031440781444,90,PM2.5
2026-03-05 09:00:00,14.1,62,6.1,59.57,89.4,52.8,56.3,1.855,0.6999999999999997,37.41327683947997,81,PM2.5
2026-03-05 10:00:00,15.5,56,5.4,55.0,83.595,58.203472222222224,51.48,2.0,0.6429666666666666,40.43071221833722,75,PM2.5
2026-03-05 11:00:00,16.6,51,5.5,51.0,77.0,64.0,48.0,2.0,0.4999999999999999,44.30069075195638,70,PM2.5
2026-03-05 12:00:00,17.3,48,5.1,47.0,70.0,70.0,44.0,2.0,0.3999999999999999,49.045669285575535,65,PM2.5
2026-03-05 13:00:00,17.6,47,3.9,44.0,66.0,74.0,42.0,2.994327380952381,0.3999999999999999,54.415647819194696,61,PM2.5
2026-03-05 14:00:00,17.7,46,3.8,45.05,69.21,77.0,41.0,2.994327380952381,0.29999999999999993,60.03208964646465,63,PM2.5
2026-03-05 15:00:00,17.4,48,2.4,46.725,70.38,73.2535,42.92436031462947,2.994327380952381,0.3865,64.32441319444445,65,PM2.5
2026-03-05 16:00:00,16.6,51,2.9,50.925,74.605,63.86,49.0,2.9960416666666667,0.47500000000000003,66.63962152777778,70,PM2.5
2026-03-05 17:00:00,15.3,57,3.4,59.635,85.70395833333333,54.405,58.0,3.9960416666666667,0.6704999999999998,66.84024652777778,81,PM2.5
2026-03-05 18:00:00,13.6,65,5.5,64.315,93.71166666666667,43.3,64.265,3.9987500000000002,0.7704999999999997,64.9773125,87,PM2.5
2026-03-05 19:00:00,11.9,73,8.1,70.565,103.25,39.495,70.0,4.0,0.8704999999999998,61.9141875,94,PM2.5
2026-03-05 20:00:00,10.4,79,1.7,70.935,102.795,39.085,70.0,3.0,0.8574999999999999,58.0498125,95,PM2.5
2026-03-05 21:00:00,9.3,83,3.0,72.30232661782662,105.585,39.0082619047619,71.0,3.0,0.9579999999999999,53.675845238095235,97,PM2.5
2026-03-05 22:00:00,8.6,86,2.6,74.1824126984127,107.095,37.0,72.0,3.0,0.9031714285714286,48.675845238095235,99,PM2.5
2026-03-05 23:00:00,8.2,88,1.4,74.91316666666667,108.585,36.00511904761905,73.0,3.0,1.0706714285714285,44.01979761904762,100,PM2.5
2026-03-06 00:00:00,7.9,90,2.2,75.28581313131313,109.425,36.04017173104673,72.91097051080584,3.0,1.0200714285714285,40.54231908542846,100,PM2.5
2026-03-06 01:00:00,7.7,91,1.5,76.23192424242424,111.425,35.04017173104673,73.91097051080584,3.0,1.1846714285714286,38.1217155518093,102,PM2.5
2026-03-06 02:00:00,7.5,92,1.2,76.97322691197691,111.01219841269841,34.04017173104673,74.91097051080584,3.0,1.1017238095238095,36.96423701819015,102,PM2.5
2026-03-06 03:00:00,7.4,93,0.4,77.93612175324675,112.01219841269841,33.04117173104673,75.91097051080584,3.0,1.2595071428571427,36.15750848457098,104,PM2.5
2026-03-06 04:00:00,7.6,92,0.8,77.81187862137863,112.94219841269842,32.042227286602284,76.85174712308246,3.0,1.2055833333333332,35.27716189539627,104,PM2.5
2026-03-06 05:00:00,8.2,89,0.8,78.84930898268398,112.52783333333333,31.04017173104673,76.52006787248699,2.725,1.2403035714285713,34.281150623681874,105,PM2.5
2026-03-06 06:00:00,9.4,84,0.4,74.63292063492064,107.90211111111111,36.89315873015873,72.9055,2.725,1.0325,34.26779546495172,100,PM2.5
2026-03-06 07:00:00,11.0,77,2.1,71.13416666666667,104.50666666666666,38.943333333333335,69.60183333333333,2.64,0.9324999999999999,34.635072250666,95,PM2.5
2026-03-06 08:00:00,12.6,70,2.5,65.26410714285714,96.48352380952382,46.49,61.789097222222225,2.895,0.8325,35.94130078428516,88,PM2.5
2026-03-06 09:00:00,14.2,63,4.1,58.25214285714286,88.41278571428572,53.749,55.828,1.855,0.6999999999999997,38.27990431790432,79,PM2.5
2026-03-06 10:00:00,15.6,57,5.6,53.54877380952381,80.41106547619047,59.495888888888885,49.194049603174605,1.915,0.6259666666666666,41.46186896263459,73,PM2.5
2026-03-06 11:00:00,16.7,52,8.6,51.0,77.0,64.0,48.0,2.0,0.4999999999999999,45.33172249625375,70,PM2.5
2026-03-06 12:00:00,17.4,49,8.9,47.0,70.0,70.0,44.0,2.0,0.3999999999999999,50.07644408542846,65,PM2.5
2026-03-06 13:00:00,17.7,48,9.3,44.0,66.0,74.0,42.0,2.0,0.3999999999999999,55.44642261904762,61,PM2.5
2026-03-06 14:00:00,17.8,47,9.8,45.04685714285714,69.21,77.0,41.0,2.9624722222222224,0.29999999999999993,60.45977777777778,63,PM2.5
2026-03-06 15:00:00,17.5,49,8.7,46.72095238095238,70.38,73.25,42.92436031462947,2.9690674603174605,0.392,64.74811111111111,65,PM2.5
2026-03-06 16:00:00,16.7,52,7.1,50.92346153846154,74.605,63.86,49.0,2.9722103174603176,0.487,66.91936111111112,70,PM2.5
2026-03-06 17:00:00,15.3,57,4.1,59.635,85.71623611111112,54.405,58.0,3.9722103174603176,0.6709999999999998,67.00136111111111,81,PM2.5
2026-03-06 18:00:00,13.6,65,1.2,64.32,93.72418253968254,43.3,64.265,3.974918650793651,0.7699999999999998,64.976875,87,PM2.5
2026-03-06 19:00:00,11.9,73,5.8,70.565,103.25,39.495,70.0,3.9985714285714287,0.8704999999999998,61.91375,94,PM2.5
2026-03-06 20:00:00,10.4,79,2.8,70.93333333333334,102.795,39.085,70.0,3.0,0.8569999999999999,58.049375,95,PM2.5
2026-03-06 21:00:00,9.3,83,3.3,72.31864285714286,105.585,39.0,71.0,3.0,0.9579999999999999,53.674375,97,PM2.5
2026-03-06 22:00:00,8.6,86,3.5,74.18264285714285,107.095,37.00083333333333,72.0,3.0,0.906,48.674479166666664,99,PM2.5
2026-03-06 23:00:00,8.2,88,4.2,74.91833333333334,108.58,36.01009523809524,73.0,3.0,1.0705999999999998,44.01949107142857,100,PM2.5
2026-03-07 00:00:00,7.9,90,4.7,75.28492424242424,109.425,36.04017173104673,72.90954193937728,3.0,1.02,40.54201253780941,100,PM2.5
2026-03-07 01:00:00,7.7,91,5.6,76.23192424242424,111.425,35.04017173104673,73.90954193937728,3.0,1.1844999999999999,38.121409004190255,102,PM2.5
2026-03-07 02:00:00,7.5,92,3.4,76.97322691197691,111.01219841269841,34.04017173104673,74.90954193937728,3.0,1.101192261904762,36.9639304705711,102,PM2.5
2026-03-07 03:00:00,7.4,93,2.8,77.71130637199059,112.02028174603174,33.04017173104673,75.90954193937728,3.004248737373737,1.2588517857142856,36.15707693695194,103,PM2.5
2026-03-07 04:00:00,7.6,92,1.4,77.80583695471195,112.94403174603174,32.04017173104673,76.85174712308246,3.0,1.2060684523809524,35.27647340333278,104,PM2.5
2026-03-07 05:00:00,8.2,89,1.7,78.84789538239538,112.52783333333333,31.04017173104673,76.52006787248699,2.725,1.2403035714285713,34.281494869713626,105,PM2.5
2026-03-07 06:00:00,9.4,84,3.1,74.62571428571428,107.9071111111111,36.87298701298701,72.9100303030303,2.725,1.0325,34.26551407967033,100,PM2.5
2026-03-07 07:00:00,11.0,77,3.1,71.13416666666667,104.50666666666666,38.888333333333335,69.60183333333333,2.64,0.9324999999999999,34.62529384157509,95,PM2.5
2026-03-07 08:00:00,12.6,70,2.6,65.25450000000001,96.47366666666667,46.49,61.60241071428571,2.891890873015873,0.8325,35.931522375194255,88,PM2.5
2026-03-07 09:00:00,14.2,63,3.0,58.230000000000004,88.40745238095238,53.75,55.818,1.855,0.6999999999999997,38.27025090881341,79,PM2.5
2026-03-07 10:00:00,15.6,57,3.1,53.54242857142857,80.4,59.496583333333334,49.175,1.915,0.6258666666666666,41.452302359099235,73,PM2.5
2026-03-07 11:00:00,16.7,52,3.8,51.0,77.0,64.0,48.0,2.0,0.4999999999999999,45.322280892718396,70,PM2.5
2026-03-07 12:00:00,17.4,49,5.7,47.0,70.0,70.0,44.0,2.0,0.3999999999999999,50.06725942633756,65,PM2.5
2026-03-07 13:00:00,17.7,48,12.6,44.0,66.0,74.0,42.0,2.0,0.3999999999999999,55.437237959956704,61,PM2.5
2026-03-07 14:00:00,17.8,47,16.8,45.05,69.21,77.0,41.0,2.9928988095238096,0.29999999999999993,60.45311458333333,63,PM2.5
2026-03-07 15:00:00,17.5,49,16.2,46.722857142857144,70.38,73.2535,42.92436031462947,2.994327380952381,0.392,64.74876041666667,65,PM2.5
2026-03-07 16:00:00,16.7,52,14.9,50.925,74.605,63.86,49.0,2.985422619047619,0.487,66.92001041666667,70,PM2.5
2026-03-07 17:00:00,15.4,58,13.0,59.635,85.70495833333334,54.405,58.0,3.993375,0.6709999999999998,67.00188541666667,81,PM2.5
2026-03-07 18:00:00,13.7,66,11.0,64.32,93.71333333333334,43.3,64.26583333333333,3.9975,0.7699999999999998,64.97731250000001,87,PM2.5
2026-03-07 19:00:00,12.0,74,10.1,70.565,103.25,39.495,70.0,3.9991666666666665,0.8704999999999998,61.914187500000004,94,PM2.5
2026-03-07 20:00:00,10.5,80,12.9,70.935,102.795,39.25,70.0,3.0,0.8569999999999999,58.0704375,95,PM2.5
2026-03-07 21:00:00,9.4,84,10.4,72.325,105.585,39.0,71.0,3.0,0.9579999999999999,53.6954375,97,PM2.5
2026-03-07 22:00:00,8.7,87,7.0,74.045,106.86,37.0,72.0,3.0,0.9075,48.6954375,99,PM2.5
2026-03-07 23:00:00,8.3,89,7.4,74.85,108.465,36.0,73.0,3.0,1.0750999999999997,44.03875,100,PM2.5
2026-03-08 00:00:00,8.0,91,8.0,75.23192424242424,109.425,36.04017173104673,72.90954193937728,3.0,1.0235,40.56127146638084,100,PM2.5
2026-03-08 01:00:00,7.8,92,6.0,76.23192424242424,111.425,35.04017173104673,73.90954193937728,3.0,1.1844999999999999,38.14066793276169,102,PM2.5
2026-03-08 02:00:00,7.6,93,3.2,76.93297889610389,111.01219841269841,34.04017173104673,74.90954193937728,3.0,1.101,36.983189399142525,102,PM2.5
2026-03-08 03:00:00,7.5,94,2.6,77.71023769286269,111.94219841269842,33.04017173104673,75.85174712308246,3.0,1.2580714285714283,36.17633586552336,103,PM2.5
2026-03-08 04:00:00,7.7,93,1.0,77.85551764901764,112.85219841269841,32.04017173104673,76.79323063956598,2.725,1.2060714285714285,35.27510733190421,104,PM2.5
2026-03-08 05:00:00,8.3,90,0.6,78.93981819569319,112.43783333333333,31.04017173104673,76.42317781809693,2.725,1.2403035714285713,34.28012879828505,105,PM2.5
2026-03-08 06:00:00,9.5,85,1.5,74.62571428571428,107.94711111111111,36.90571428571428,72.82866666666666,2.725,1.0325,34.26834308399933,100,PM2.5
2026-03-08 07:00:00,11.1,78,2.6,69.0435,101.632,39.81,66.25166666666667,2.45,0.9324999999999999,34.744593083999334,93,PM2.5
2026-03-08 08:00:00,12.7,71,4.4,64.23,94.902,47.284,61.318,2.891890873015873,0.8325,36.150071617618494,87,PM2.5
2026-03-08 09:00:00,14.3,64,4.2,58.16,88.40828571428571,53.875,55.772999999999996,1.855,0.6999999999999997,38.504425151237655,79,PM2.5
2026-03-08 10:00:00,15.7,58,6.3,52.23214285714286,79.38183333333333,60.48255555555556,48.787,1.905,0.6159291666666665,41.80972312930126,72,PM2.5
2026-03-08 11:00:00,16.8,53,5.9,49.0,75.51,65.227,46.63,2.0,0.5432047619047617,45.83307666292041,68,PM2.5
2026-03-08 12:00:00,17.5,50,5.0,47.0,70.0,70.0,44.0,2.0,0.3999999999999999,50.57805519653957,65,PM2.5
2026-03-08 13:00:00,17.8,49,3.9,44.0,66.0,74.0,42.0,2.0,0.3999999999999999,55.94803373015873,61,PM2.5
2026-03-08 14:00:00,17.9,48,0.9,45.04424297924298,69.21,77.0,41.0,2.994327380952381,0.29999999999999993,60.95981944444445,63,PM2.5
2026-03-08 15:00:00,17.6,50,1.9,46.71405876068376,70.38,73.25516666666667,42.9229317432009,2.994327380952381,0.392,65.14046527777778,65,PM2.5
2026-03-08 16:00:00,16.8,53,1.4,50.924,74.605,63.88,49.0,2.970496031746032,0.4925,67.21496527777778,70,PM2.5
2026-03-08 17:00:00,15.5,59,4.0,59.635,85.71623611111112,54.405,58.0,3.9722103174603176,0.6709999999999998,67.28121527777778,81,PM2.5
2026-03-08 18:00:00,13.8,67,3.8,64.32,93.71814285714285,43.3,64.265,3.987761904761905,0.7699999999999998,65.13339583333332,87,PM2.5
2026-03-08 19:00:00,12.1,75,15.9,70.545,103.25,39.495,70.0,4.0,0.8704999999999998,61.916895833333335,94,PM2.5
2026-03-08 20:00:00,10.6,81,15.8,70.93175,102.795,39.25,70.0,3.0,0.8569999999999999,58.073145833333335,95,PM2.5
2026-03-08 21:00:00,9.5,85,17.4,72.29484325396825,105.585,39.00083333333333,71.0,3.0,0.9579999999999999,53.69825,97,PM2.5
2026-03-08 22:00:00,8.8,88,16.8,73.99127182539682,106.705,37.00083333333333,72.0,3.0,0.9079166666666667,48.69835416666667,99,PM2.5
2026-03-08 23:00:00,8.4,90,12.0,74.80916666666667,108.465,36.00083333333333,73.0,3.0,1.080842857142857,44.041562500000005,100,PM2.5
2026-03-09 00:00:00,8.1,92,7.3,75.23192424242424,109.425,36.04017173104673,72.90954193937728,3.0,1.0236714285714286,40.56158396638084,100,PM2.5
2026-03-09 01:00:00,7.9,93,5.9,75.93297889610389,110.795,35.04017173104673,73.90954193937728,3.0,1.1623238095238095,38.14098043276168,101,PM2.5
2026-03-09 02:00:00,7.7,94,5.6,76.75875356587856,110.94219841269842,34.07132252469753,74.84978283736817,3.0,1.1015769841269842,36.987395748348874,102,PM2.5
2026-03-09 03:00:00,7.6,95,2.9,77.77952827727827,111.85219841269841,33.05826696914197,75.79323063956598,2.705,1.2585769841269838,36.18280411949162,103,PM2.5
2026-03-09 04:00:00,7.8,94,2.9,77.69883628871129,112.85219841269841,32.059695540570544,76.79323063956598,2.725,1.2067517857142858,35.28401606206294,103,PM2.5
2026-03-09 05:00:00,8.4,91,2.4,75.97245238095238,109.29900992063492,35.079684523809526,74.18178174603175,2.725,1.1324999999999998,34.793872460872464,101,PM2.5
2026-03-09 06:00:00,9.6,86,2.3,72.4122380952381,105.26115476190476,37.76571428571428,69.54996825396826,2.61,1.0325,34.88948257992008,97,PM2.5
2026-03-09 07:00:00,11.2,79,2.3,68.27166666666666,100.18095238095238,40.46,66.18096825396826,2.45,0.9324999999999999,35.446878413253415,92,PM2.5
2026-03-09 08:00:00,12.8,72,2.9,64.23380952380953,94.92004761904762,47.2805,60.97430158730159,2.895,0.8325833333333333,36.85191944687257,87,PM2.5
2026-03-09 09:00:00,14.4,65,0.4,58.162976190476186,88.48547420634921,53.993,55.75366666666667,1.855,0.6999999999999997,39.22102298049174,79,PM2.5
2026-03-09 10:00:00,15.8,59,3.2,52.23309523809524,79.40702976190477,60.47960317460317,48.78324603174603,1.905,0.6157624999999999,42.522058061729936,72,PM2.5
2026-03-09 11:00:00,16.9,54,5.6,49.0,75.565,65.22888888888889,46.535,2.0,0.5432047619047617,46.5433858016983,68,PM2.5
2026-03-09 12:00:00,17.6,51,6.3,47.0,70.0,70.0,44.0,2.0,0.3999999999999999,51.28592385912698,65,PM2.5
2026-03-09 13:00:00,17.9,50,8.3,44.0,66.0,74.0,42.0,2.0,0.3999999999999999,56.15096329365079,61,PM2.5
2026-03-09 14:00:00,18.0,49,12.2,45.049166666666665,69.21,77.0,41.0,2.969930555555556,0.29999999999999993,61.05524900793651,63,PM2.5
2026-03-09 15:00:00,17.7,51,12.8,46.46302741702742,70.38,73.8218035991786,42.9229317432009,2.958275793650794,0.3925,65.22547445783383,64,PM2.5
2026-03-09 16:00:00,16.9,54,13.2,50.92346153846154,74.605,63.88,49.0,2.964871031746032,0.4925,67.30041195783383,70,PM2.5
2026-03-09 17:00:00,15.6,60,11.7,59.635,85.71402380952381,54.405,58.001666666666665,3.9647519841269845,0.6709999999999998,67.35191195783383,81,PM2.5
2026-03-09 18:00:00,13.9,68,8.4,64.345,93.77863690476191,43.365,64.31,3.9622916666666668,0.7699999999999998,65.21258656100844,87,PM2.5
2026-03-09 19:00:00,12.2,76,7.6,70.545,103.24661904761905,39.585,70.0,3.9673611111111113,0.8704999999999998,62.00710044989732,94,PM2.5
2026-03-09 20:00:00,10.7,82,6.9,70.93428571428572,102.795,39.245,70.0,3.0,0.804,58.16272544989732,95,PM2.5
2026-03-09 21:00:00,9.6,86,6.5,72.30850793650794,105.585,39.0,71.0,3.0,0.9579999999999999,53.78772544989732,97,PM2.5
2026-03-09 22:00:00,8.9,89,8.0,73.9484365079365,106.7,37.0,72.0,3.0,0.908,48.78772544989732,99,PM2.5
2026-03-09 23:00:00,8.5,91,8.8,74.8061507936508,108.425,36.0,71.91097051080584,3.0,1.0779999999999998,44.06,100,PM2.5
2026-03-10 00:00:00,8.2,93,10.1,75.2131047979798,109.425,36.04017173104673,72.91097051080584,3.0,1.0235,40.58002146638084,100,PM2.5
2026-03-10 01:00:00,8.0,94,10.4,75.76141275391275,110.675,35.04017173104673,73.85174712308246,3.0,1.1611624999999999,38.159417932761684,101,PM2.5
2026-03-10 02:00:00,7.8,95,8.1,76.70523418248418,110.94219841269842,34.04017173104673,74.85174712308246,3.0,1.1011000000000002,36.99381439914252,102,PM2.5
2026-03-10 03:00:00,7.7,96,6.4,77.78236603674104,111.85219841269841,33.04017173104673,75.79323063956598,2.705,1.2580714285714283,36.17571086552337,103,PM2.5
2026-03-10 04:00:00,7.9,95,4.4,77.73656446331447,112.83219841269842,32.04094096181596,76.75556397289931,2.725,1.2060714285714285,35.27520348575037,103,PM2.5
2026-03-10 05:00:00,8.5,92,1.0,76.35129058441558,109.8532729076479,35.02831547619048,74.32419047619048,2.725,1.1324999999999998,34.778742920274176,102,PM2.5
2026-03-10 06:00:00,9.7,87,1.9,71.36665476190477,104.28041666666667,37.96071428571429,69.44666666666667,2.61,1.0325,34.89883220598846,95,PM2.5
2026-03-10 07:00:00,11.3,80,3.0,68.27,100.162,40.46,66.17166666666667,2.45,0.9324999999999999,35.45633220598846,92,PM2.5
2026-03-10 08:00:00,12.9,73,5.6,64.23,94.9,47.284,61.035,2.501890873015873,0.8325,36.86181073960762,87,PM2.5
2026-03-10 09:00:00,14.5,66,5.7,58.16,88.39207539682539,54.0,55.756238095238096,1.8561396103896104,0.6999999999999997,39.23178927322678,79,PM2.5
2026-03-10 10:00:00,15.9,60,5.0,52.227777777777774,79.37122222222222,60.79658333333333,48.78628571428571,1.9038194444444445,0.6012624999999997,42.5763407235126,72,PM2.5
2026-03-10 11:00:00,17.0,55,3.8,47.56473015873016,72.36283333333333,66.32825,44.25809523809524,1.905,0.5526047619047618,46.73735050713176,66,PM2.5
2026-03-10 12:00:00,17.7,52,3.3,47.0,70.0,70.0,44.0,2.0,0.3999999999999999,51.48223288690476,65,PM2.5
2026-03-10 13:00:00,18.0,51,3.9,44.0,66.0,74.0,42.0,2.0,0.3999999999999999,56.35369345238095,61,PM2.5
2026-03-10 14:00:00,18.1,50,4.6,45.05,69.21,77.0,41.0,2.9887321428571427,0.29999999999999993,61.233604166666666,63,PM2.5
2026-03-10 15:00:00,17.8,52,4.0,46.46097384559884,70.38,73.83558931346431,42.9229317432009,2.9934940476190475,0.3925,65.4055528308497,64,PM2.5
2026-03-10 16:00:00,17.0,55,2.5,50.925,74.575,63.88,49.0,2.9934940476190475,0.4925,67.4800528308497,70,PM2.5
2026-03-10 17:00:00,15.7,61,4.0,59.63,85.71623611111112,54.34,58.0,3.9722103174603176,0.6709999999999998,67.5225528308497,81,PM2.5
2026-03-10 18:00:00,14.0,69,2.1,64.345,93.77433333333333,43.37,64.32,3.995041666666667,0.7699999999999998,65.34422991418303,87,PM2.5
2026-03-10 19:00:00,12.3,77,4.2,70.545,103.25,39.67,70.0,4.0,0.8704999999999998,62.01194866418304,94,PM2.5
2026-03-10 20:00:00,10.8,83,2.8,70.935,102.795,39.245,70.0,3.0,0.804,58.16757366418304,95,PM2.5
2026-03-10 21:00:00,9.7,87,5.3,72.249,105.47,39.0,71.0,3.0,0.9584999999999999,53.79257366418304,97,PM2.5
2026-03-10 22:00:00,9.0,90,6.5,73.93636507936507,106.585,37.00083333333333,72.0,3.0,0.9065,48.792677830849705,99,PM2.5
2026-03-10 23:00:00,8.6,92,6.7,74.81,108.425,36.0,71.90954193937728,3.0,1.0781714285714283,44.063229166666666,100,PM2.5
2026-03-11 00:00:00,8.3,94,6.2,75.11822333222334,109.425,36.04017173104673,72.90954193937728,3.0,1.0241714285714285,40.58325063304751,100,PM2.5
2026-03-11 01:00:00,8.1,95,7.6,75.76654523254523,110.76857142857143,35.04017173104673,73.85031855165388,3.0,1.1614055555555556,38.17077209942835,101,PM2.5
2026-03-11 02:00:00,7.9,96,12.2,76.7833616106116,110.85219841269841,34.04017173104673,74.7918020681374,2.705,1.1013847222222224,37.004543565809186,102,PM2.5
2026-03-11 03:00:00,7.8,97,13.7,77.75835962648462,111.85219841269841,33.06405665168165,75.7908020681374,2.705,1.2597728174603173,36.1788006472694,103,PM2.5
2026-03-11 04:00:00,8.0,96,12.7,75.34412987012988,109.84803968253968,36.34945833333333,74.37478968253969,2.725,1.1324999999999998,35.81685793893607,100,PM2.5
2026-03-11 05:00:00,8.6,93,11.2,73.40647619047618,106.22791666666667,35.89142261904762,70.53166666666667,2.61,1.1324999999999998,35.42828576631702,98,PM2.5
2026-03-11 06:00:00,9.8,88,9.8,71.3639761904762,104.3075753968254,37.868089285714284,69.45,2.61,1.0325,35.53669276036464,95,PM2.5
2026-03-11 07:00:00,11.4,81,7.9,68.27,100.162,40.46,66.17,2.45,0.9324999999999999,36.094192760364635,92,PM2.5
2026-03-11 08:00:00,13.0,74,7.4,64.26214285714286,95.16166666666666,47.285,61.15,2.516890873015873,0.8325,37.49979629398379,87,PM2.5
2026-03-11 09:00:00,14.6,67,4.3,58.14,88.37745238095238,54.0,55.74966666666667,1.84,0.7008357142857141,39.86977482760295,79,PM2.5
2026-03-11 10:00:00,16.0,61,6.2,52.30833333333333,79.37988095238096,61.0,48.793285714285716,1.905,0.5999999999999996,43.23975336122211,72,PM2.5
2026-03-11 11:00:00,17.1,56,10.1,46.305416666666666,71.40779761904761,67.00422222222223,43.868702380952385,1.905,0.5526047619047618,47.482274057539684,64,PM2.5
2026-03-11 12:00:00,17.8,53,12.1,47.0,70.0,70.0,44.0,2.0,0.3999999999999999,51.688591765873014,65,PM2.5
2026-03-11 13:00:00,18.1,52,10.7,44.0,66.0,74.0,42.0,2.0,0.3999999999999999,56.45216393849206,61,PM2.5
2026-03-11 14:00:00,18.2,51,8.8,45.049,69.21,77.0,41.0,2.994327380952381,0.29999999999999993,61.34365277777778,63,PM2.5
2026-03-11 15:00:00,17.9,53,6.8,46.464116702741705,70.38,73.8218035991786,42.92436031462947,2.994327380952381,0.3925,65.5138782276751,64,PM2.5
2026-03-11 16:00:00,17.1,56,4.5,50.925,74.575,63.88,49.0,2.994327380952381,0.4925,67.58825322767511,70,PM2.5
2026-03-11 17:00:00,15.8,62,3.6,59.64,85.560625,54.36,58.0,3.9960416666666667,0.6709999999999998,67.6332532276751,81,PM2.5
2026-03-11 18:00:00,14.1,70,5.2,64.355,93.77833333333334,43.37,64.325,3.9960416666666667,0.7699999999999998,65.4295032276751,87,PM2.5
2026-03-11 19:00:00,12.4,78,5.6,70.545,103.25,39.67,70.0,4.0,0.8704999999999998,62.01272544989733,94,PM2.5
2026-03-11 20:00:00,10.9,84,4.8,70.935,102.795,39.27,70.0,3.0,0.804,58.17147544989733,95,PM2.5
2026-03-11 21:00:00,9.8,88,6.3,72.17,105.17,39.00083333333333,71.0,3.0,0.9614999999999998,53.796579616563996,96,PM2.5
2026-03-11 22:00:00,9.1,91,7.4,73.91616666666667,106.585,37.00083333333333,72.0,3.0,0.9069,48.796683783230655,99,PM2.5
2026-03-11 23:00:00,8.7,93,4.9,74.755,108.425,36.0,71.91097051080584,3.0,1.0816714285714284,44.068958333333335,100,PM2.5
2026-03-12 00:00:00,8.4,95,4.6,75.12998187923188,109.425,36.04017173104673,72.85174712308246,3.0,1.0240714285714285,40.588979799714174,100,PM2.5
2026-03-12 01:00:00,8.2,96,3.7,75.70667664280164,110.77,35.04094096181596,73.85174712308246,3.0,1.1623238095238095,38.17409741994117,101,PM2.5
2026-03-12 02:00:00,8.0,97,3.3,76.78727079864579,110.85219841269841,34.04017173104673,74.79323063956598,2.705,1.1023238095238097,37.00786888632201,102,PM2.5
2026-03-12 03:00:00,7.9,98,2.4,77.78499807137307,111.85219841269841,33.04017173104673,75.79323063956598,2.705,1.2598238095238092,36.17914035270285,103,PM2.5
2026-03-12 04:00:00,8.1,97,2.6,75.35648701298702,109.89237012987013,36.34460119047619,74.32229563492064,2.725,1.1324999999999998,35.813465501512376,100,PM2.5
2026-03-12 05:00:00,8.7,94,2.4,72.3727738095238,105.28208333333333,36.40331547619048,70.44666666666667,2.61,1.1324999999999998,35.48877576936952,97,PM2.5
2026-03-12 06:00:00,9.9,89,1.7,71.3639761904762,104.28041666666667,37.477315476190476,69.44666666666667,2.61,1.0325,35.54833603722666,95,PM2.5
2026-03-12 07:00:00,11.5,82,1.2,68.32,100.77594047619047,40.46,66.287,2.525,0.9324999999999999,36.105836037226666,92,PM2.5
2026-03-12 08:00:00,13.1,75,2.9,64.26142857142857,95.16,47.38,61.15,2.52,0.8325,37.52331457084583,87,PM2.5
2026-03-12 09:00:00,14.7,68,1.1,58.14083333333333,88.41245039682539,54.0,55.61033333333333,1.84,0.6999999999999997,39.89319695061883,79,PM2.5
2026-03-12 10:00:00,16.1,62,2.2,52.309285714285714,79.42372817460317,60.97,48.78471428571429,1.905,0.6094999999999998,43.25942548423799,72,PM2.5
2026-03-12 11:00:00,17.2,57,5.0,46.305416666666666,71.40925595238096,67.0008888888889,43.864535714285715,1.905,0.5523666666666666,47.50451512896825,64,PM2.5
2026-03-12 12:00:00,17.9,54,8.5,47.0,70.0,70.0,44.0,2.0,0.3999999999999999,51.71143998015873,65,PM2.5
2026-03-12 13:00:00,18.2,53,11.1,44.0,66.0,74.0,42.0,2.0,0.3999999999999999,56.41102554563493,61,PM2.5
2026-03-12 14:00:00,18.3,52,14.5,43.0,64.0,77.0,41.0,2.0,0.29999999999999993,61.35136111111112,60,PM2.5
2026-03-12 15:00:00,18.0,54,15.6,46.459973845598846,70.38,73.8218035991786,42.92436031462947,2.9841924603174603,0.3925,65.52158656100843,64,PM2.5
2026-03-12 16:00:00,17.2,57,15.4,50.92285714285714,74.575,63.85,49.0,2.9853035714285716,0.5945,67.58033656100844,70,PM2.5
2026-03-12 17:00:00,15.9,63,14.3,59.64,85.560625,54.36,58.0,3.9950416666666664,0.7000000000000001,67.62533656100844,81,PM2.5
2026-03-12 18:00:00,14.2,71,11.5,64.355,93.78033333333333,43.365,64.305,3.993375,0.7709999999999998,65.42471156100844,87,PM2.5
2026-03-12 19:00:00,12.5,79,10.6,70.54,103.35,39.67,70.0,3.0,0.8704999999999998,62.00835044989733,94,PM2.5
2026-03-12 20:00:00,11.0,85,10.1,70.935,102.795,39.27,70.0,3.0,0.804,58.16710044989732,95,PM2.5
2026-03-12 21:00:00,9.9,89,9.0,72.10495238095238,105.165,39.0,71.0,3.0,0.9614999999999998,53.79210044989732,96,PM2.5
2026-03-12 22:00:00,9.2,92,8.0,73.925,106.465,37.0,72.0,3.0,0.9224,48.79210044989732,99,PM2.5
2026-03-12 23:00:00,8.8,94,7.6,74.755,108.425,36.0,71.91097051080584,3.0,1.0870035714285713,44.064375,100,PM2.5
2026-03-13 00:00:00,8.5,96,6.9,75.13754491341992,109.425,36.04017173104673,72.85174712308246,3.0,1.024,40.58814646638084,100,PM2.5
2026-03-13 01:00:00,8.3,97,6.1,75.78746676934176,110.62,35.04017173104673,73.79323063956598,2.705,1.161,38.173167932761686,101,PM2.5
2026-03-13 02:00:00,8.1,98,5.4,76.78236603674104,110.85219841269841,34.04017173104673,74.79323063956598,2.705,1.101,37.007564399142524,102,PM2.5
2026-03-13 03:00:00,8.0,99,4.9,77.79144251581752,111.83219841269842,33.04017173104673,75.75556397289931,2.705,1.2585714285714285,36.17883586552337,103,PM2.5
2026-03-13 04:00:00,8.2,98,5.4,72.40647619047618,106.22863095238095,37.22460119047619,70.53166666666667,2.61,1.1324999999999998,35.92316101433289,97,PM2.5
2026-03-13 05:00:00,8.8,95,2.4,72.36522619047619,105.28041666666667,36.40331547619048,70.44666666666667,2.61,1.1324999999999998,35.5985754488567,97,PM2.5
2026-03-13 06:00:00,10.0,90,0.6,71.36647619047619,104.30405952380953,37.477315476190476,69.452,2.61,1.0325,35.65823988338051,95,PM2.5
2026-03-13 07:00:00,11.6,83,0.5,68.32392857142857,100.78294047619048,40.46,66.28866666666667,2.525,0.9324999999999999,36.21573988338051,92,PM2.5
2026-03-13 08:00:00,13.2,76,5.4,64.26142857142857,95.16333333333333,47.49,61.15,2.516890873015873,0.8325,37.64696841699967,87,PM2.5
2026-03-13 09:00:00,14.8,69,3.3,58.14,88.33802777777778,53.999,55.61423809523809,1.84,0.6999999999999997,40.01682195061883,79,PM2.5
2026-03-13 10:00:00,16.2,63,3.9,52.30396825396825,79.36843253968254,60.969,48.78795238095238,1.905,0.6094999999999998,43.38292548423799,72,PM2.5
2026-03-13 11:00:00,17.3,58,4.3,46.30569444444444,71.40834523809524,67.00158333333333,43.868702380952385,1.905,0.5522666666666665,47.62810193452381,64,PM2.5
2026-03-13 12:00:00,18.0,55,3.3,45.0,68.585,71.1445,42.545,2.0,0.4526047619047618,51.868089285714284,62,PM2.5
2026-03-13 13:00:00,18.3,54,2.2,44.0,66.0,74.0,42.0,2.0,0.3999999999999999,56.567674851190475,61,PM2.5
2026-03-13 14:00:00,18.4,53,2.5,43.0,64.0,77.0,41.0,2.0,0.29999999999999993,61.508010416666664,60,PM2.5
2026-03-13 15:00:00,18.1,55,2.9,46.46245003607503,70.38,73.8218035991786,42.9229317432009,2.994327380952381,0.3925,65.678235866564,64,PM2.5
2026-03-13 16:00:00,17.3,58,2.5,50.925,74.575,63.85,49.0,2.994327380952381,0.5945,67.723235866564,70,PM2.5
2026-03-13 17:00:00,16.0,64,4.3,59.64,85.560625,54.36,58.0,3.9960416666666667,0.7000000000000001,67.76836086656398,81,PM2.5
2026-03-13 18:00:00,14.3,72,1.4,64.35,94.26063492063491,43.335,64.285,3.9722103174603176,0.7709999999999998,65.564110866564,87,PM2.5
2026-03-13 19:00:00,12.6,80,2.6,70.54,103.35,39.84,70.0,3.0,0.8704999999999998,62.168912949897326,94,PM2.5
2026-03-13 20:00:00,11.1,86,2.0,70.935,102.795,39.455,70.0,3.0,0.804,58.207725449897325,95,PM2.5
2026-03-13 21:00:00,10.0,90,3.7,71.95127106227106,105.005,39.0,71.0,3.0,0.9624999999999998,53.832725449897325,96,PM2.5
2026-03-13 22:00:00,9.3,93,3.3,73.90835714285714,106.465,37.00083333333333,72.0,3.0,0.9218285714285714,48.83282961656399,99,PM2.5
2026-03-13 23:00:00,8.9,95,4.3,74.755,108.425,36.00083333333333,71.85031855165388,3.0,1.0870035714285713,44.10520833333333,100,PM2.5
2026-03-14 00:00:00,8.6,97,8.0,75.13768777056276,109.425,36.04017173104673,72.85031855165388,3.0,1.0241714285714285,40.62897979971417,100,PM2.5
2026-03-14 01:00:00,8.4,98,9.4,75.79283963258963,110.62,35.04017173104673,73.79323063956598,2.705,1.1623434523809524,38.21400126609502,101,PM2.5
2026-03-14 02:00:00,8.2,99,8.0,76.7910062992563,110.85219841269841,34.04017173104673,74.7918020681374,2.705,1.1015055555555557,37.05214773247586,102,PM2.5
2026-03-14 03:00:00,8.1,100,9.3,75.34960606060606,108.85880952380953,37.32360119047619,73.3675873015873,2.705,1.1324999999999998,36.73759788128538,100,PM2.5
2026-03-14 04:00:00,8.3,99,9.3,71.37205952380953,105.28494047619047,37.79085119047619,70.44666666666667,2.61,1.1324999999999998,36.52957928009491,95,PM2.5
2026-03-14 05:00:00,8.9,96,10.5,72.36522619047619,105.28041666666667,36.41017261904762,70.44666666666667,2.61,1.1324999999999998,36.20585085747586,97,PM2.5
2026-03-14 06:00:00,10.1,91,10.6,71.36497619047618,104.31728968253968,37.477315476190476,69.45285714285714,2.61,1.0325,36.265411125333,95,PM2.5
2026-03-14 07:00:00,11.7,84,10.5,68.36,101.30927380952382,40.46,66.405,2.615,0.9324999999999999,36.822806958666334,92,PM2.5
2026-03-14 08:00:00,13.3,77,7.6,64.26790674603174,95.18580158730158,47.49,61.32485714285714,2.45,0.8325,38.254035492285496,87,PM2.5
2026-03-14 09:00:00,14.9,70,9.0,58.218333333333334,88.25411904761904,54.0,55.28366666666667,1.84,0.6999999999999997,40.62401402590465,79,PM2.5
2026-03-14 10:00:00,16.3,64,12.1,52.14666666666667,79.3775,60.97,48.63870238095238,1.905,0.6094999999999998,43.99024255952381,71,PM2.5
2026-03-14 11:00:00,17.4,59,12.3,46.307916666666664,71.39817612942613,67.4491746031746,43.86411904761905,1.905,0.5251625,47.75593923611111,64,PM2.5
2026-03-14 12:00:00,18.1,56,10.0,45.0,68.64,71.15116666666667,42.45,2.0,0.45236666666666653,51.92597867063492,62,PM2.5
2026-03-14 13:00:00,18.4,55,8.4,44.0,66.0,74.0,42.0,2.0,0.3999999999999999,56.62470709325397,61,PM2.5
2026-03-14 14:00:00,18.5,54,6.8,43.0,64.0,77.0,41.0,2.0,0.29999999999999993,61.56504265873016,60,PM2.5
2026-03-14 15:00:00,18.2,56,8.4,46.464116702741705,70.38,73.8218035991786,42.92436031462947,2.9928988095238096,0.3925,65.73526810862748,64,PM2.5
2026-03-14 16:00:00,17.4,59,12.1,50.925,74.575,63.86,49.0,2.9928988095238096,0.5945,67.78151810862748,70,PM2.5
2026-03-14 17:00:00,16.1,65,15.1,59.64,85.56276785714286,54.36,58.0,3.9928988095238096,0.7000000000000001,67.82651810862748,81,PM2.5
2026-03-14 18:00:00,14.4,73,8.8,64.33,94.39666666666668,43.33,64.28,3.994613095238095,0.7709999999999998,65.62151810862748,87,PM2.5
2026-03-14 19:00:00,12.7,81,9.0,70.54,103.35,39.95,70.0,3.0,0.8699999999999999,62.18412128323065,94,PM2.5
2026-03-14 20:00:00,11.2,87,11.5,70.87,102.75,39.495,70.0,3.0,0.8045,58.22710044989732,95,PM2.5
2026-03-14 21:00:00,10.1,91,10.6,72.0045,104.89,39.00083333333333,71.0,3.0,0.9614999999999998,53.85220461656399,96,PM2.5
2026-03-14 22:00:00,9.4,94,9.6,73.925,106.465,37.0,72.0,3.0,0.9218285714285714,48.85220461656399,99,PM2.5
2026-03-14 23:00:00,9.0,96,8.4,74.13380132367632,108.425,37.04017173104673,71.85174712308246,3.0,1.0928607142857143,44.254500633047506,99,PM2.5
2026-03-15 00:00:00,8.7,98,8.0,75.10528941891442,109.425,36.04017173104673,72.85174712308246,3.0,1.0240714285714285,40.77702209942835,100,PM2.5
2026-03-15 01:00:00,8.5,99,6.3,75.78762794150295,110.62,35.04017173104673,73.79323063956598,2.705,1.1623238095238095,38.36204356580919,101,PM2.5
2026-03-15 02:00:00,8.3,100,2.8,76.78462794150295,110.85219841269841,34.04017173104673,74.79323063956598,2.705,1.1020333333333334,37.200815032190036,102,PM2.5
2026-03-15 03:00:00,8.2,100,1.2,75.35982034632035,108.89382846320346,37.275017857142856,73.32489285714286,2.705,1.1324999999999998,36.86644226433289,100,PM2.5
2026-03-15 04:00:00,8.4,99,0.4,71.37058333333333,105.30405952380953,37.79460119047619,70.452,2.61,1.1324999999999998,36.653892413142415,95,PM2.5
2026-03-15 05:00:00,9.0,97,0.4,72.36790476190477,105.30939285714285,36.40331547619048,70.452,2.61,1.1324999999999998,36.32920268099956,97,PM2.5
2026-03-15 06:00:00,10.2,92,0.4,71.3667619047619,104.30939285714285,37.40206547619047,69.452,2.61,1.0325,36.37946086552336,95,PM2.5
2026-03-15 07:00:00,11.8,85,0.4,68.37492857142857,101.3537261904762,40.013999999999996,66.43033333333334,2.63,0.9324999999999999,36.751189399142525,92,PM2.5
2026-03-15 08:00:00,13.4,78,1.0,64.24142857142857,95.1415238095238,47.489,61.307,2.34,0.8325,38.18229293276168,87,PM2.5
2026-03-15 09:00:00,15.0,71,1.3,58.2197619047619,87.79722222222222,53.969,55.21892857142857,1.455,0.7094999999999999,40.548396466380844,79,PM2.5
2026-03-15 10:00:00,16.4,65,2.6,52.14809523809524,79.38242857142858,60.969,48.62670238095238,1.905,0.6094999999999998,43.914500000000004,71,PM2.5
2026-03-15 11:00:00,17.5,60,3.2,46.31005952380952,71.4016217948718,67.75942460317461,43.86311904761905,1.905,0.5106624999999998,47.72505084325397,64,PM2.5
2026-03-15 12:00:00,18.2,57,3.3,43.694984126984124,65.42106547619048,72.32283333333334,40.363621031746035,1.91,0.45236666666666653,52.04107986111111,61,PM2.5
2026-03-15 13:00:00,18.5,56,4.4,44.0,66.0,74.0,42.0,2.0,0.3999999999999999,56.7406654265873,61,PM2.5
2026-03-15 14:00:00,18.6,55,6.6,43.0,64.0,77.0,41.0,2.0,0.29999999999999993,61.69040724206349,60,PM2.5
2026-03-15 15:00:00,18.3,57,8.1,46.896781385281386,70.38,72.04017173104673,43.910970510805846,2.0,0.4950000000000001,65.69367870844434,65,PM2.5
2026-03-15 16:00:00,17.5,60,8.4,50.915,74.575,63.730000000000004,49.0,2.969662698412699,0.6000000000000001,67.72380370844434,70,PM2.5
2026-03-15 17:00:00,16.2,66,10.3,59.635,85.57711706349207,54.36,58.0,3.969662698412699,0.7000000000000001,67.77267870844433,81,PM2.5
2026-03-15 18:00:00,14.5,74,9.4,64.315,94.535,43.28,64.27,3.0,0.8,65.56155370844434,87,PM2.5
2026-03-15 19:00:00,12.8,82,11.9,70.56,103.35,39.945,70.0,3.0,0.8664999999999998,62.08475063304751,94,PM2.5
2026-03-15 20:00:00,11.3,88,10.2,70.86,102.595,39.495,70.0,3.0,0.806,57.981271466380846,95,PM2.5
2026-03-15 21:00:00,10.2,92,8.2,71.97411904761904,104.89,39.0,71.0,3.0,0.9799999999999998,53.606271466380846,96,PM2.5
2026-03-15 22:00:00,9.5,95,7.8,73.925,106.425,37.0,70.90954193937728,3.0,0.9177035714285714,48.606271466380846,99,PM2.5
2026-03-15 23:00:00,9.1,97,7.4,74.13754491341992,108.425,37.04017173104673,71.85031855165388,3.0,1.0928607142857143,44.231271466380846,99,PM2.5
2026-03-16 00:00:00,8.8,99,6.5,75.13683152958153,109.425,36.04017173104673,72.7918020681374,2.705,1.0264285714285715,40.77004293276168,100,PM2.5
2026-03-16 01:00:00,8.6,100,4.9,75.78445684870685,110.62,35.04017173104673,73.7918020681374,2.705,1.161,38.35506439914253,101,PM2.5
2026-03-16 02:00:00,8.4,100,1.9,76.78218412143413,110.85219841269841,34.04017173104673,74.7918020681374,2.705,1.1015714285714286,37.20008586552336,102,PM2.5
2026-03-16 03:00:00,8.3,100,0.5,72.25429365079366,105.06494047619047,38.22460119047619,69.425,2.545,1.1324999999999998,36.98503601433289,97,PM2.5
2026-03-16 04:00:00,8.5,100,1.4,71.36808333333333,105.29358333333333,37.79460119047619,70.44866666666667,2.61,1.1324999999999998,36.77248616314241,95,PM2.5
2026-03-16 05:00:00,9.1,98,1.4,72.3639761904762,105.28825,36.40331547619048,70.44866666666667,2.61,1.1324999999999998,36.44790059766623,97,PM2.5
2026-03-16 06:00:00,10.3,93,2.2,71.362,104.27841666666667,37.40792261904762,69.445,2.61,1.0325,36.49889092504718,95,PM2.5
2026-03-16 07:00:00,11.9,86,2.4,68.37,101.32475,39.926125,66.425,2.63,0.9324999999999999,36.85963508366633,92,PM2.5
2026-03-16 08:00:00,13.5,79,4.2,64.24,95.125,47.49,61.285,2.34,0.8325,38.290863617285495,87,PM2.5
2026-03-16 09:00:00,15.1,72,3.1,58.24047619047619,88.055,53.97,54.965,1.47,0.7094999999999999,40.657092150904646,79,PM2.5
2026-03-16 10:00:00,16.5,66,3.5,52.14666666666667,79.37863095238096,60.97,48.62870238095238,1.905,0.6094999999999998,44.02332068452381,71,PM2.5
2026-03-16 11:00:00,17.6,61,3.9,46.307916666666664,71.39928413253413,67.96453571428572,43.858563492063496,1.905,0.5094999999999998,47.740812500000004,64,PM2.5
2026-03-16 12:00:00,18.3,58,7.4,42.41791666666667,64.4714507992008,72.99329166666666,39.956896825396825,1.91,0.45226666666666654,52.14064880952381,59,PM2.5
2026-03-16 13:00:00,18.6,57,10.6,45.04362698412699,67.41433333333333,72.21836813186813,42.98661019617637,2.0,0.45900535714285723,56.61753039148352,63,PM2.5
2026-03-16 14:00:00,18.7,56,12.8,43.0,64.0,77.0,41.0,2.0,0.29999999999999993,61.56654006410257,60,PM2.5
2026-03-16 15:00:00,18.4,58,13.0,46.90092424242424,70.38,72.04600506438007,43.90954193937727,2.0,0.4950000000000001,65.58152507215007,65,PM2.5
2026-03-16 16:00:00,17.6,61,13.9,50.915,74.575,63.705,49.0,2.0,0.6000000000000001,67.60840007215008,70,PM2.5
2026-03-16 17:00:00,16.3,67,12.4,59.635,85.56757738095239,54.36,58.0,3.985422619047619,0.7000000000000001,67.65715007215007,81,PM2.5
2026-03-16 18:00:00,14.6,75,7.6,64.315,94.39083333333333,43.39,64.23,3.0,0.8,65.45965007215007,87,PM2.5
2026-03-16 19:00:00,12.9,83,5.8,70.565,103.35,39.945,70.0,3.0,0.8990000000000001,61.95720810786436,94,PM2.5
2026-03-16 20:00:00,11.4,89,5.6,70.82,102.585,39.495,70.0,3.0,0.806,57.76992164953103,95,PM2.5
2026-03-16 21:00:00,10.3,93,6.1,71.98,104.89,39.0,71.0,3.0,0.9794999999999998,53.61762563304751,96,PM2.5
2026-03-16 22:00:00,9.6,96,6.4,73.925,106.425,37.0,70.85031855165388,3.0,0.9178035714285715,48.61762563304751,99,PM2.5
2026-03-16 23:00:00,9.2,98,7.4,74.13754491341992,108.425,37.04017173104673,71.85031855165388,3.0,1.0928607142857143,44.241896466380844,99,PM2.5
2026-03-17 00:00:00,8.9,100,6.0,74.78976042013542,108.39,36.04017173104673,72.7918020681374,2.705,1.0314285714285714,40.783792932761685,100,PM2.5
2026-03-17 01:00:00,8.7,100,2.9,75.78976042013542,110.62,35.04017173104673,73.7918020681374,2.705,1.1978607142857145,38.36881439914253,101,PM2.5
2026-03-17 02:00:00,8.5,100,2.0,76.79883689921189,110.83219841269842,34.04017173104673,74.75413540147073,2.705,1.1015714285714286,37.20008586552336,102,PM2.5
2026-03-17 03:00:00,8.4,100,1.8,71.33540476190475,103.99841666666667,38.79460119047619,69.34666666666666,2.545,1.1324999999999998,37.05628601433289,95,PM2.5
2026-03-17 04:00:00,8.6,100,2.3,71.36540476190476,105.28041666666667,37.79460119047619,70.44666666666667,2.61,1.1324999999999998,36.84373616314242,95,PM2.5
2026-03-17 05:00:00,9.2,99,3.4,72.36183333333334,105.28208333333333,36.40331547619048,70.44666666666667,2.61,1.1324999999999998,36.519150597666226,97,PM2.5
2026-03-17 06:00:00,10.4,94,5.7,71.361,104.27841666666667,37.40331547619048,69.445,2.61,1.0325,36.569565032190035,95,PM2.5
2026-03-17 07:00:00,12.0,87,5.1,68.37,101.32475,39.926125,66.425,2.63,0.9324999999999999,36.93030919080919,92,PM2.5
2026-03-17 08:00:00,13.6,80,5.4,64.24790674603175,95.13761111111111,47.49,61.292,2.34,0.8325,38.36153772442835,87,PM2.5
2026-03-17 09:00:00,15.2,73,5.7,58.23833333333333,88.055,53.97,54.965,1.466890873015873,0.7094999999999999,40.72776625804751,79,PM2.5
2026-03-17 10:00:00,16.6,67,5.0,52.14791666666667,79.37525,60.968333333333334,48.62336904761905,1.905,0.6094999999999998,44.093786458333334,71,PM2.5
2026-03-17 11:00:00,17.7,62,3.6,46.307916666666664,71.3954507992008,67.96291071428571,43.858563492063496,1.905,0.5094999999999998,47.73982514880952,64,PM2.5
2026-03-17 12:00:00,18.4,59,3.3,42.41791666666667,64.4714507992008,72.99495833333333,39.956896825396825,1.91,0.4520999999999999,52.13986979166667,59,PM2.5
2026-03-17 13:00:00,18.7,58,4.0,45.044626984126985,67.41433333333333,72.21836813186813,42.98661019617637,2.0,0.45900535714285723,56.61675137362638,63,PM2.5
2026-03-17 14:00:00,18.8,57,5.1,44.03740476190476,65.41433333333333,75.23960622710622,41.982610196176374,2.0,0.35900535714285725,61.346287717490846,61,PM2.5
2026-03-17 15:00:00,18.5,59,5.8,46.90192424242424,70.38,72.04017173104673,43.90954193937727,2.0,0.4960000000000001,65.36054355887168,65,PM2.5
2026-03-17 16:00:00,17.7,62,7.9,50.915,74.575,63.845,49.0,2.0,0.6000000000000001,67.40491855887169,70,PM2.5
2026-03-17 17:00:00,16.4,68,7.9,59.63,85.69967261904762,54.335,58.0,3.0,0.7000000000000001,67.45054355887169,81,PM2.5
2026-03-17 18:00:00,14.7,76,3.7,64.315,94.39083333333333,43.39,64.23,3.0,0.8,65.25325189220501,87,PM2.5
2026-03-17 19:00:00,13.0,84,2.4,70.565,103.515,39.96,70.0,3.0,0.8990000000000001,61.7528880529193,94,PM2.5
2026-03-17 20:00:00,11.5,90,1.0,70.73738150738151,102.46,39.495,70.0,3.0,0.8445,57.56539326125264,95,PM2.5
2026-03-17 21:00:00,10.4,94,1.5,71.96963812576313,104.89,39.003928571428574,71.0,3.0,0.9794999999999998,53.41358831619769,96,PM2.5
2026-03-17 22:00:00,9.7,97,1.0,73.82411704961704,106.425,37.008452380952384,70.85174712308246,3.0,0.9202285714285715,48.634694085428464,99,PM2.5
2026-03-17 23:00:00,9.3,99,16.3,74.13421158008659,108.425,37.04017173104673,71.85174712308246,3.0,1.0928607142857143,44.259694085428464,99,PM2.5
2026-03-18 00:00:00,9.0,100,18.8,74.78237946775447,108.38040476190476,36.04017173104673,72.79323063956598,2.705,1.0313244047619048,40.7840905518093,100,PM2.5
2026-03-18 01:00:00,8.8,100,18.2,75.77975431512931,110.61857142857143,35.04017173104673,73.79323063956598,2.705,1.1977565476190477,38.37223701819015,101,PM2.5
2026-03-18 02:00:00,8.6,100,18.2,74.35922709235209,107.9167242063492,38.19176785714286,72.34132936507936,2.705,1.0325,37.722458000333006,99,PM2.5
2026-03-18 03:00:00,8.5,100,18.8,71.33326190476191,103.99841666666667,38.801458333333336,69.34666666666666,2.545,1.1324999999999998,37.577640291999664,95,PM2.5
2026-03-18 04:00:00,8.7,100,18.5,71.36540476190476,105.28041666666667,37.79860119047619,70.44666666666667,2.61,1.1324999999999998,37.36559044080919,95,PM2.5
2026-03-18 05:00:00,9.3,99,14.9,72.36183333333334,105.28041666666667,36.40231547619048,70.445,2.61,1.1324999999999998,37.04038880390443,97,PM2.5
2026-03-18 06:00:00,10.5,95,11.6,71.361,104.27674999999999,37.40231547619048,69.445,2.61,1.0325,37.08962169080919,95,PM2.5
2026-03-18 07:00:00,12.1,88,10.3,68.37,101.33013095238096,40.026125,66.425,2.63,0.9324999999999999,37.462865849428354,92,PM2.5
2026-03-18 08:00:00,13.7,81,6.9,64.28703174603174,95.1595634920635,47.49,61.292857142857144,2.34,0.8325,38.89409438304751,87,PM2.5
2026-03-18 09:00:00,15.3,74,8.2,58.23833333333333,88.06400000000001,53.97,54.965,1.47,0.7094999999999999,41.26032291666667,79,PM2.5
2026-03-18 10:00:00,16.7,68,6.8,52.14791666666667,79.39063095238096,60.96661904761905,48.62870238095238,1.905,0.6094999999999998,44.10717931547619,71,PM2.5
2026-03-18 11:00:00,17.8,63,9.2,46.307916666666664,71.3944507992008,67.96291071428571,43.858563492063496,1.905,0.5096547619047618,47.75236086309524,64,PM2.5
2026-03-18 12:00:00,18.5,60,11.5,42.42500396825397,64.51959487734487,73.31633928571429,39.95249206349206,1.91,0.43775476190476187,52.192078124999995,59,PM2.5
2026-03-18 13:00:00,18.8,59,10.8,45.0407380952381,67.41433333333333,72.21836813186813,42.98661019617637,2.0,0.45850535714285723,56.66908470695971,63,PM2.5
2026-03-18 14:00:00,18.9,58,10.2,44.044626984126985,65.41433333333333,75.21836813186813,41.98661019617637,2.0,0.35900535714285725,61.396091288919415,61,PM2.5
2026-03-18 15:00:00,18.6,60,15.0,46.89967424242424,70.38,72.04017173104673,43.90954193937727,2.0,0.4436666666666667,65.39784713030025,65,PM2.5
2026-03-18 16:00:00,17.8,63,17.6,50.91375,74.575,63.845,49.0,2.0,0.6000000000000001,67.44222213030025,70,PM2.5
2026-03-18 17:00:00,16.5,69,19.5,59.63,85.69967261904762,54.394999999999996,58.0,3.0,0.7000000000000001,67.49534713030025,81,PM2.5
2026-03-18 18:00:00,14.8,77,17.7,64.315,94.39083333333333,43.385,64.23,3.0,0.7965,65.29764474934788,87,PM2.5
2026-03-18 19:00:00,13.1,85,15.2,70.565,103.525,39.96,70.0,3.0,0.8990000000000001,61.797280910062156,94,PM2.5
2026-03-18 20:00:00,11.6,91,12.3,70.744,102.46,39.485,70.0,3.0,0.8444166666666667,57.56836349934787,95,PM2.5
2026-03-18 21:00:00,10.5,95,9.9,71.97230086580086,104.85,39.01009523809524,69.91097051080584,3.0,0.9734999999999998,53.41732938762626,96,PM2.5
2026-03-18 22:00:00,9.8,98,8.9,73.8641341991342,106.425,37.0169880952381,70.85174712308246,3.0,0.9202285714285715,48.642156883047505,99,PM2.5
2026-03-18 23:00:00,9.4,100,9.3,74.10592433954933,108.425,37.04094096181596,71.85174712308246,3.0,1.0928607142857143,44.26725303689366,99,PM2.5
2026-03-19 00:00:00,9.1,100,8.9,74.7820088938839,108.47,36.04017173104673,72.79323063956598,2.705,1.0056512445887447,40.7916495032745,100,PM2.5
2026-03-19 01:00:00,8.9,100,5.9,75.78493303918304,110.62,35.04017173104673,73.7918020681374,2.705,1.1978607142857145,38.37229596965535,101,PM2.5
2026-03-19 02:00:00,8.7,100,4.6,74.35422510822511,107.93620941558441,38.22001785714286,72.2863988095238,2.705,1.0325,37.72667320179821,99,PM2.5
2026-03-19 03:00:00,8.6,100,4.4,71.34093055555556,104.01886111111111,38.79460119047619,69.34866666666667,2.545,1.1324999999999998,37.58099835060772,95,PM2.5
2026-03-19 04:00:00,8.8,100,3.2,71.37259722222223,105.30286111111111,37.79460119047619,70.44866666666667,2.61,1.1324999999999998,37.369698499417254,95,PM2.5
2026-03-19 05:00:00,9.4,100,3.2,72.3639761904762,105.28541666666666,36.40331547619048,70.445,2.61,1.1324999999999998,37.04385102917916,97,PM2.5
2026-03-19 06:00:00,10.6,96,3.1,71.36314285714286,104.27841666666667,37.40331547619048,69.445,2.61,1.0325,37.092141951798205,95,PM2.5
2026-03-19 07:00:00,12.2,89,1.5,68.37,101.32525,39.776125,66.425,2.63,0.9324999999999999,37.43403995657121,92,PM2.5
2026-03-19 08:00:00,13.8,82,4.0,64.33,95.72,47.46,61.41,2.425,0.842,38.86151849019037,87,PM2.5
2026-03-19 09:00:00,15.4,75,4.0,58.23833333333333,88.055,53.97,54.965,1.47,0.7094999999999999,41.22774702380952,79,PM2.5
2026-03-19 10:00:00,16.8,69,3.6,52.14791666666667,79.35363095238095,60.96453571428572,48.478702380952384,1.905,0.6094999999999998,44.07081175595238,71,PM2.5
2026-03-19 11:00:00,17.9,64,4.3,46.21791666666667,71.39645079920079,67.96291071428571,43.77856349206349,1.905,0.5094999999999998,47.71685044642857,64,PM2.5
2026-03-19 12:00:00,18.6,61,4.4,42.42667063492063,64.4714507992008,73.73469642857143,39.956896825396825,1.91,0.4265,52.20936235119048,59,PM2.5
2026-03-19 13:00:00,18.9,60,7.9,45.0407380952381,67.40933333333334,72.21836813186813,42.957943529509706,2.0,0.45950535714285723,56.68624393315018,63,PM2.5
2026-03-19 14:00:00,19.0,59,12.6,44.044626984126985,65.41433333333333,75.21836813186813,41.98661019617637,2.0,0.35900535714285725,61.41312551510989,61,PM2.5
2026-03-19 15:00:00,18.7,61,12.3,45.97322691197691,68.01219841269841,72.04017173104673,43.90954193937727,2.0,0.4167226731601732,65.44613135649072,64,PM2.5
2026-03-19 16:00:00,17.9,64,11.3,50.915,74.575,63.845,49.0,2.0,0.545,67.49425635649072,70,PM2.5
2026-03-19 17:00:00,16.6,70,11.3,59.675,85.53467261904763,54.505,58.0,3.0,0.7000000000000001,67.56113135649073,81,PM2.5
2026-03-19 18:00:00,14.9,78,10.0,64.315,94.39166666666667,43.385,64.23,3.0,0.7965,65.36368939220502,87,PM2.5
2026-03-19 19:00:00,13.2,86,11.1,70.565,103.535,39.975,70.0,3.0,0.8965000000000001,61.865200552919305,94,PM2.5
2026-03-19 20:00:00,11.7,92,11.2,70.7425,102.46,39.485,70.0,3.0,0.8445,57.583988499347875,95,PM2.5
2026-03-19 21:00:00,10.6,96,9.8,71.98,104.85,39.0,69.90954193937728,3.0,0.9739999999999998,53.43169248286436,96,PM2.5
2026-03-19 22:00:00,9.9,99,7.3,73.87,106.425,37.0,70.85031855165388,3.0,0.9203,48.65439646638084,99,PM2.5
2026-03-19 23:00:00,9.5,100,1.9,74.13495652958153,108.425,37.04017173104673,71.7918020681374,2.705,1.0928607142857143,44.279396466380845,99,PM2.5
2026-03-20 00:00:00,9.2,100,3.4,74.77945684870684,108.46916666666667,36.04244445831946,72.7918020681374,2.705,1.0056512445887447,40.80407702367077,100,PM2.5
2026-03-20 01:00:00,9.0,100,2.5,75.78445684870685,110.615,35.04017173104673,73.7918020681374,2.705,1.1720833874458874,38.37097349005161,101,PM2.5
2026-03-20 02:00:00,8.8,100,3.9,71.24433333333333,104.04591666666667,39.22049404761905,68.345,2.57,1.0325,37.850410246003996,95,PM2.5
2026-03-20 03:00:00,8.7,100,5.6,71.33326190476191,103.99841666666667,38.79860119047619,69.345,2.545,1.1324999999999998,37.703360394813515,95,PM2.5
2026-03-20 04:00:00,8.9,100,6.2,71.3632619047619,105.28041666666667,37.79407738095238,70.445,2.61,1.1332166666666665,37.49199506743257,95,PM2.5
2026-03-20 05:00:00,9.5,100,7.3,72.36183333333334,105.28041666666667,36.402791666666666,70.445,2.61,1.1333,37.16734402576591,97,PM2.5
2026-03-20 06:00:00,10.7,97,10.2,71.361,104.27674999999999,37.407315476190476,69.445,2.61,1.0325,37.21825846028971,95,PM2.5
2026-03-20 07:00:00,12.3,90,12.6,68.37,101.32275,39.778,66.425,2.63,0.9324999999999999,37.56048699390887,92,PM2.5
2026-03-20 08:00:00,13.9,83,10.8,64.32833333333333,95.72,47.46,61.41,2.425,0.842,38.987681436618935,87,PM2.5
2026-03-20 09:00:00,15.5,76,8.5,58.23833333333333,88.055,53.97,54.965,1.47,0.7094999999999999,41.35390997023809,79,PM2.5
2026-03-20 10:00:00,16.9,70,7.9,52.14791666666667,79.2986285103785,60.96453571428572,48.30578571428571,1.905,0.6094999999999998,44.07191517857143,71,PM2.5
2026-03-20 11:00:00,18.0,65,7.2,46.17791666666667,71.39728413253414,67.96291071428571,43.706896825396825,1.905,0.5094999999999998,47.71745386904762,64,PM2.5
2026-03-20 12:00:00,18.7,62,6.1,42.42667063492063,64.4694507992008,73.73152976190477,39.956896825396825,1.91,0.4265,52.20963541666667,59,PM2.5
2026-03-20 13:00:00,19.0,61,8.2,42.0,64.63,75.24272095959596,40.54,2.0,0.45199999999999985,57.06462657828283,59,PM2.5
2026-03-20 14:00:00,19.1,60,12.0,44.044626984126985,65.41433333333333,75.21836813186813,41.98661019617637,2.0,0.3600053571428572,61.79100816024254,61,PM2.5
2026-03-20 15:00:00,18.8,62,13.2,45.97322691197691,68.01219841269841,72.04017173104673,43.90954193937727,2.0,0.4167226731601732,65.82377962662338,64,PM2.5
2026-03-20 16:00:00,18.0,65,13.2,50.915,74.575,63.845,49.0,2.0,0.545,67.87190462662338,70,PM2.5
2026-03-20 17:00:00,16.7,71,14.1,59.67,85.66800595238095,54.505,58.0,3.0,0.6965000000000001,67.93877962662337,81,PM2.5
2026-03-20 18:00:00,15.0,79,13.2,64.345,94.39166666666667,43.425,64.275,3.0,0.7965,65.74633766233767,87,PM2.5
2026-03-20 19:00:00,13.3,87,11.2,70.565,103.535,40.019999999999996,70.0,3.0,0.8965000000000001,62.25347382305194,94,PM2.5
2026-03-20 20:00:00,11.8,93,8.6,70.745,102.345,39.495,70.0,3.0,0.8385000000000001,57.97390760281385,95,PM2.5
2026-03-20 21:00:00,10.7,97,4.4,71.97568181818181,104.73,39.0,69.85031855165388,3.0,0.9734999999999998,53.44356748286435,96,PM2.5
2026-03-20 22:00:00,10.0,100,3.1,73.30559415584416,106.425,38.04017173104673,70.85031855165388,3.0,0.9236571428571428,48.79629293276168,98,PM2.5
2026-03-20 23:00:00,9.6,100,3.0,74.14092243867243,108.425,37.04017173104673,71.7918020681374,2.705,1.0929607142857143,44.42129293276168,99,PM2.5
2026-03-21 00:00:00,9.3,100,3.6,74.79302232489732,108.48333333333333,36.04017173104673,72.7918020681374,2.705,1.0056512445887447,40.94568939914252,100,PM2.5
2026-03-21 01:00:00,9.1,100,3.5,75.79218899156399,110.615,35.04017173104673,73.7918020681374,2.705,1.1720833874458874,38.51258586552337,101,PM2.5
2026-03-21 02:00:00,8.9,100,2.9,70.33326190476191,102.99841666666667,39.79460119047619,68.27,2.57,1.0325,38.05878601433289,94,PM2.5
2026-03-21 03:00:00,8.8,100,2.6,71.34093055555556,104.01886111111111,38.79460119047619,69.34866666666667,2.545,1.1324999999999998,37.90561116314242,95,PM2.5
2026-03-21 04:00:00,9.0,100,4.1,71.37072222222223,105.29352777777778,37.79460119047619,70.447,2.61,1.1324999999999998,37.69306131195194,95,PM2.5
2026-03-21 05:00:00,9.6,100,3.9,72.36183333333334,105.28208333333333,36.40331547619048,70.445,2.61,1.1324999999999998,37.36847574647575,97,PM2.5
2026-03-21 06:00:00,10.8,98,4.5,71.361,104.27674999999999,37.41517261904762,69.445,2.61,1.0325,37.29035085747586,95,PM2.5
2026-03-21 07:00:00,12.4,91,5.2,68.35,101.28775,39.778,66.395,2.5949999999999998,0.9324999999999999,37.63257939109502,92,PM2.5
2026-03-21 08:00:00,14.0,84,5.3,64.34833333333333,96.26,47.46,61.515,2.52,0.842,39.06005792471418,87,PM2.5
2026-03-21 09:00:00,15.6,77,5.1,58.236666666666665,88.055,53.97,55.144999999999996,1.3818908730158728,0.7094999999999999,41.42628645833333,79,PM2.5
2026-03-21 10:00:00,17.0,71,3.6,52.14791666666667,78.795,60.96291071428571,48.01583333333333,1.905,0.6094999999999998,44.072325148809526,71,PM2.5
2026-03-21 11:00:00,18.1,66,2.8,46.14791666666667,71.39645079920079,67.96291071428571,43.64689682539682,1.905,0.5094999999999998,47.718363839285715,64,PM2.5
2026-03-21 12:00:00,18.8,63,2.7,42.42667063492063,64.47315714840715,73.95507142857143,39.956896825396825,1.91,0.40949999999999986,52.23842261904762,59,PM2.5
2026-03-21 13:00:00,19.1,62,4.3,42.0,64.685,75.25272095959596,40.435,2.0,0.45199999999999985,57.0945983044733,59,PM2.5
2026-03-21 14:00:00,19.2,61,7.6,44.041404761904765,65.41433333333333,75.22579670329671,41.98177686284304,2.0,0.3600053571428572,61.82092631500444,61,PM2.5
2026-03-21 15:00:00,18.9,63,9.0,45.97222691197691,68.01219841269841,72.04017173104673,43.910970510805846,2.0,0.4167226731601732,65.85369778138528,64,PM2.5
2026-03-21 16:00:00,18.1,66,9.9,50.915,74.575,63.845,49.0,2.0,0.545,67.90182278138528,70,PM2.5
2026-03-21 17:00:00,16.8,72,10.6,59.665,86.14300595238095,54.505,58.0,3.0,0.6965000000000001,67.96869778138529,81,PM2.5
2026-03-21 18:00:00,15.1,80,10.5,64.35,94.39166666666667,43.435,64.295,3.0,0.7965,65.77770894209957,87,PM2.5
2026-03-21 19:00:00,13.4,88,9.3,70.565,103.535,40.019999999999996,70.0,3.0,0.8965000000000001,62.284845102813854,94,PM2.5
2026-03-21 20:00:00,11.9,94,3.5,70.685,102.31,39.495,70.0,3.0,0.8370000000000001,57.977336174242424,95,PM2.5
2026-03-21 21:00:00,10.8,98,8.5,71.98,104.805,39.0,69.85174712308246,3.0,0.992,53.44574605429293,96,PM2.5
2026-03-21 22:00:00,10.1,100,10.1,73.3103226911977,106.425,38.04017173104673,70.85174712308246,3.0,0.9236571428571428,48.79754293276168,98,PM2.5
2026-03-21 23:00:00,9.7,100,5.3,74.14183152958152,108.425,37.04017173104673,71.79323063956598,2.705,1.092627380952381,44.42254293276169,99,PM2.5
2026-03-22 00:00:00,9.4,100,3.9,74.78027675102675,108.48416666666667,36.04017173104673,72.79323063956598,2.705,1.0056512445887447,40.94693939914252,100,PM2.5
2026-03-22 01:00:00,9.2,100,0.6,75.77909330946831,110.615,35.04017173104673,73.79323063956598,2.705,1.1715833874458874,38.51383586552336,101,PM2.5
2026-03-22 02:00:00,9.0,100,4.4,70.33469047619047,103.00375,39.79174404761905,68.27,2.57,1.0325,38.05842887147574,94,PM2.5
2026-03-22 03:00:00,8.8,100,1.8,71.33326190476191,103.99841666666667,38.79174404761905,69.345,2.545,1.1324999999999998,37.90489687742813,95,PM2.5
2026-03-22 04:00:00,9.0,100,2.3,71.3642619047619,105.28041666666667,37.78497023809524,70.445,2.61,1.1326833333333333,37.691143157190034,95,PM2.5
2026-03-22 05:00:00,9.6,100,1.5,72.36183333333334,105.28291666666667,36.39593452380952,70.445,2.61,1.1326833333333333,37.36563497266622,97,PM2.5
2026-03-22 06:00:00,10.8,98,2.0,71.361,104.27674999999999,37.40779166666667,69.445,2.61,1.0326833333333334,37.28658746461872,95,PM2.5
2026-03-22 07:00:00,12.4,91,2.0,68.35214285714285,101.28775,39.778,66.375,2.5949999999999998,0.9326833333333333,37.628815998237876,92,PM2.5
2026-03-22 08:00:00,14.0,84,3.1,64.35833333333333,96.28166666666667,47.46,61.535,2.535,0.8424499999999999,39.056294531857034,87,PM2.5
2026-03-22 09:00:00,15.6,77,3.8,58.236666666666665,88.055,53.97,55.16,1.3050000000000002,0.7097666666666665,41.42252306547619,79,PM2.5
2026-03-22 10:00:00,17.0,71,6.1,52.14791666666667,78.795,60.96291071428571,47.605000000000004,1.905,0.6100333333333332,44.06891889880953,71,PM2.5
2026-03-22 11:00:00,18.1,66,13.1,46.14791666666667,71.39602222777222,67.96291071428571,43.64356349206349,1.905,0.5098666666666665,47.71531473214286,64,PM2.5
2026-03-22 12:00:00,18.8,63,14.0,42.40667063492064,64.52188059163059,73.95507142857143,39.9338253968254,1.9068908730158731,0.41023333333333317,52.236577380952376,59,PM2.5
2026-03-22 13:00:00,19.1,62,13.9,42.0,64.685,75.24938762626263,40.43571428571428,2.0,0.45226666666666654,57.09325901875902,59,PM2.5
2026-03-22 14:00:00,19.2,61,9.9,44.04362698412699,65.41433333333333,75.21836813186813,41.98661019617637,2.0,0.3600053571428572,61.8195810769092,61,PM2.5
2026-03-22 15:00:00,18.9,63,5.6,45.96856024531024,68.01219841269841,72.04294256438007,43.90954193937727,2.0,0.4167226731601732,65.85269889745672,64,PM2.5
2026-03-22 16:00:00,18.1,66,7.7,50.915,74.575,63.845,49.0,2.0,0.545,67.9008238974567,70,PM2.5
2026-03-22 17:00:00,16.8,72,7.3,59.655,86.15443452380953,54.505,58.0,3.0,0.6965000000000001,67.96769889745671,81,PM2.5
2026-03-22 18:00:00,15.1,80,6.9,64.35,94.39166666666667,43.435,64.295,3.0,0.7965,65.77671005817099,87,PM2.5
2026-03-22 19:00:00,13.4,88,7.5,70.565,103.535,40.019999999999996,70.0,3.0,0.8965000000000001,62.28384621888528,94,PM2.5
2026-03-22 20:00:00,11.9,94,2.4,70.68409090909091,102.31,39.495,70.0,3.0,0.8370000000000001,57.97633729031386,95,PM2.5
2026-03-22 21:00:00,10.8,98,4.7,71.97341197691198,104.805,39.00515151515152,69.84888998022531,3.0,0.992,53.445807776424964,96,PM2.5
2026-03-22 22:00:00,10.1,100,3.6,73.30343344155844,106.425,38.045433635808635,70.84888998022531,3.0,0.9236015873015874,48.799190964417534,98,PM2.5
2026-03-22 23:00:00,9.7,100,7.5,74.14161886724386,108.425,37.0446003024753,71.79037349670882,2.705,1.0925718253968253,44.42439818167943,99,PM2.5
2026-03-23 00:00:00,9.4,100,10.5,74.78803422965923,108.46974404761905,36.045433635808635,72.78870683004216,2.705,1.0056512445887447,40.949452386155514,100,PM2.5
2026-03-23 01:00:00,9.2,100,10.1,75.78790237540238,110.61357142857143,35.045433635808635,73.7918020681374,2.705,1.1723556096681096,38.51700659063159,101,PM2.5
2026-03-23 02:00:00,9.0,100,7.6,70.33326190476191,102.99841666666667,39.760081349206345,68.27,2.57,1.0334246031746033,38.05764175928238,94,PM2.5
2026-03-23 03:00:00,8.9,100,7.3,71.33326190476191,103.99841666666667,38.777474206349204,69.345,2.545,1.1338849206349206,37.90232603507603,95,PM2.5
2026-03-23 04:00:00,9.1,100,5.0,71.3632619047619,105.28041666666667,37.774617063492066,70.445,2.61,1.1338849206349206,37.68727816801254,95,PM2.5
2026-03-23 05:00:00,9.7,99,4.5,72.36183333333334,105.28041666666667,36.37339087301587,70.445,2.61,1.1338849206349206,37.358308087745584,97,PM2.5
2026-03-23 06:00:00,10.9,92,4.6,71.361,104.27674999999999,37.377855158730156,69.445,2.61,1.0339563492063493,37.27486077811078,95,PM2.5
2026-03-23 07:00:00,12.5,85,5.8,68.35,101.28575000000001,40.22,66.375,2.5949999999999998,0.9337480158730158,37.67178574030137,92,PM2.5
2026-03-23 08:00:00,14.1,78,4.7,64.28833333333333,95.14666666666666,47.46,61.31,2.355,0.842,39.09860653582528,87,PM2.5
2026-03-23 09:00:00,15.7,71,3.1,58.21666666666667,87.795,53.97,54.865,1.37,0.7094999999999999,41.464177331349205,79,PM2.5
2026-03-23 10:00:00,17.1,65,2.4,52.14791666666667,78.92,60.96291071428571,48.09,1.905,0.6094999999999998,44.114531001984126,71,PM2.5
2026-03-23 11:00:00,18.2,60,5.5,46.295003968253965,71.39499246586746,67.96291071428571,43.83689682539683,1.905,0.5094999999999998,47.7627105654762,64,PM2.5
2026-03-23 12:00:00,18.9,57,8.2,43.6761746031746,65.41333333333333,72.44409199134199,40.36238293650794,1.91,0.4509999999999999,52.09639493145743,61,PM2.5
2026-03-23 13:00:00,19.2,56,10.8,44.0,66.0,74.0,42.0,2.0,0.3999999999999999,56.79972107233045,61,PM2.5
2026-03-23 14:00:00,19.3,55,12.2,43.0,64.0,77.0,41.0,2.0,0.29999999999999993,61.75248917748918,60,PM2.5
2026-03-23 15:00:00,19.0,57,12.5,46.899424242424246,70.38,72.04017173104673,43.910970510805846,2.0,0.4950000000000001,65.73001064387002,65,PM2.5
2026-03-23 16:00:00,18.2,60,12.4,50.91285714285714,74.575,63.730000000000004,49.0,2.9877321428571433,0.6000000000000001,67.76376064387003,70,PM2.5
2026-03-23 17:00:00,16.9,66,12.5,59.625,85.94133928571429,54.36,58.0,3.994327380952381,0.7000000000000001,67.81251064387001,81,PM2.5
2026-03-23 18:00:00,15.2,74,11.1,64.325,94.535,43.31,64.295,3.0,0.8,65.6058968045843,87,PM2.5
2026-03-23 19:00:00,13.5,82,9.5,70.57,103.535,39.96,70.0,3.0,0.8664999999999998,62.105532965298586,94,PM2.5
2026-03-23 20:00:00,12.0,88,8.9,70.86,102.585,39.505,70.0,3.0,0.806,57.98814646638084,95,PM2.5
2026-03-23 21:00:00,10.9,92,10.9,71.97116666666666,104.89,39.00083333333333,71.0,3.0,0.9799999999999998,53.61325063304751,96,PM2.5
2026-03-23 22:00:00,10.2,96,8.7,73.925,106.425,37.0,70.91097051080584,3.0,0.917875,48.61325063304751,99,PM2.5
2026-03-23 23:00:00,9.8,98,7.1,74.13157910145411,108.425,37.04017173104673,71.85174712308246,3.0,1.0930321428571428,44.238250633047514,99,PM2.5
2026-03-24 00:00:00,9.5,100,5.6,75.13308793983794,109.425,36.04017173104673,72.79323063956598,2.705,1.0264285714285715,40.77702209942835,100,PM2.5
2026-03-24 01:00:00,9.3,100,3.6,75.78415175102676,110.62,35.04017173104673,73.79323063956598,2.705,1.1611666666666667,38.36204356580919,101,PM2.5
2026-03-24 02:00:00,9.1,100,3.0,76.78009330946831,110.85219841269841,34.04017173104673,74.79323063956598,2.705,1.1016666666666668,37.203315032190034,102,PM2.5
2026-03-24 03:00:00,9.0,100,2.4,72.24433333333333,105.04663095238095,38.223351190476194,69.42,2.545,1.1324999999999998,36.98623393099956,97,PM2.5
2026-03-24 04:00:00,9.2,100,1.6,71.3632619047619,105.28041666666667,37.79460119047619,70.445,2.61,1.1324999999999998,36.77243407980908,95,PM2.5
2026-03-24 05:00:00,9.8,99,1.3,72.36183333333334,105.29358333333333,36.40331547619048,70.447,2.61,1.1324999999999998,36.44774434766623,97,PM2.5
2026-03-24 06:00:00,11.0,92,2.3,71.36242857142857,104.27674999999999,37.41017261904762,69.445,2.61,1.0325,36.49901592504718,95,PM2.5
2026-03-24 07:00:00,12.6,85,3.6,68.37,101.32075,40.015,66.425,2.63,0.9324999999999999,36.870869458666334,92,PM2.5
2026-03-24 08:00:00,14.2,78,4.3,64.24,95.125,47.49,61.285,2.34,0.8325,38.302097992285496,87,PM2.5
2026-03-24 09:00:00,15.8,71,4.4,58.219166666666666,87.795,53.968333333333334,54.85,1.455,0.7094999999999999,40.66811819257132,79,PM2.5
2026-03-24 10:00:00,17.2,65,2.2,52.14791666666667,79.36954405316905,60.96291071428571,48.61523015873016,1.905,0.6094999999999998,44.03346056547619,71,PM2.5
2026-03-24 11:00:00,18.3,60,1.3,46.32190873015873,71.41018889443889,67.95969642857143,43.85749206349206,1.905,0.5094999999999998,47.7505037202381,64,PM2.5
2026-03-24 12:00:00,19.0,57,1.1,43.70428174603175,65.41222222222223,72.30025865800866,40.37177380952381,1.91,0.45226666666666654,52.063710903679656,61,PM2.5
2026-03-24 13:00:00,19.3,56,4.0,44.0,66.0,74.0,42.0,2.0,0.3999999999999999,56.76329646915585,61,PM2.5
2026-03-24 14:00:00,19.4,55,7.9,43.0,64.0,77.0,41.0,2.0,0.29999999999999993,61.712024891774895,60,PM2.5
2026-03-24 15:00:00,19.1,57,9.2,46.899424242424246,70.38,72.04017173104673,43.90954193937727,2.0,0.4950000000000001,65.71517135815574,65,PM2.5
2026-03-24 16:00:00,18.3,60,10.5,50.91285714285714,74.575,63.730000000000004,49.0,2.9816845238095238,0.6000000000000001,67.74517135815573,70,PM2.5
2026-03-24 17:00:00,17.0,66,10.7,59.635,85.57711706349207,54.36,58.00029411764706,3.9639007936507937,0.7000000000000001,67.79412969148906,81,PM2.5
2026-03-24 18:00:00,15.3,74,8.6,64.325,94.535,43.31,64.29529411764706,3.0,0.8,65.58751585220335,87,PM2.5
2026-03-24 19:00:00,13.6,82,9.4,70.57,103.535,39.945,70.0,3.0,0.8664999999999998,62.085678798631925,94,PM2.5
2026-03-24 20:00:00,12.1,88,9.2,70.86,102.585,39.505,70.0,3.0,0.806,57.98627146638084,95,PM2.5
2026-03-24 21:00:00,11.0,92,8.5,71.98,104.89,39.00691341991342,71.0,3.0,0.9799999999999998,53.61213564387002,96,PM2.5
2026-03-24 22:00:00,10.3,96,7.6,73.925,106.425,37.00691341991342,70.91097051080584,3.0,0.917875,48.612999821359196,99,PM2.5
2026-03-24 23:00:00,9.9,98,9.0,74.1343226911977,108.425,37.04017173104673,71.85174712308246,3.0,1.0930321428571428,44.237999821359196,99,PM2.5
2026-03-25 00:00:00,9.6,100,10.2,75.13583152958152,109.425,36.047982246919744,72.79323063956598,2.705,1.0264285714285715,40.77774760222416,100,PM2.5
2026-03-25 01:00:00,9.4,100,8.0,75.78524310411811,110.61550793650794,35.04171935009435,73.79323063956598,2.705,1.162240476190476,38.36296252098596,101,PM2.5
2026-03-25 02:00:00,9.2,100,4.5,76.78230316905316,110.85219841269841,34.041005064380066,74.79323063956598,2.705,1.102711904761905,37.204338154033465,102,PM2.5
2026-03-25 03:00:00,9.1,100,2.5,72.24433333333333,105.04663095238095,38.21722023809524,69.42,2.545,1.1324999999999998,36.988365683795365,97,PM2.5
2026-03-25 04:00:00,9.3,100,0.0,71.36576190476191,105.30405952380953,37.78388690476191,70.45033333333333,2.61,1.1324999999999998,36.773226546890605,95,PM2.5
2026-03-25 05:00:00,9.9,99,1.9,72.36242857142857,105.28375,36.39060119047619,70.445,2.61,1.13285,36.446187518210955,97,PM2.5
2026-03-25 06:00:00,11.1,92,1.8,71.361,104.27475,37.399458333333335,69.445,2.61,1.03285,36.49525563238844,95,PM2.5
2026-03-25 07:00:00,12.7,85,4.8,68.371,101.32075,40.013999999999996,66.425,2.63,0.93285,36.866984166007605,92,PM2.5
2026-03-25 08:00:00,14.3,78,6.3,64.24,95.125,47.49,61.285,2.34,0.83285,38.29723638514264,87,PM2.5
2026-03-25 09:00:00,15.9,71,4.1,58.219166666666666,87.795,53.96661904761905,54.85,1.451890873015873,0.7099333333333332,40.66284884733322,79,PM2.5
2026-03-25 10:00:00,17.3,65,5.9,52.150059523809524,79.35444087856588,60.96291071428571,48.61100793650794,1.905,0.6100166666666664,44.028087053571426,71,PM2.5
2026-03-25 11:00:00,18.4,60,6.9,46.31381349206349,71.38179802142302,67.95652976190476,43.85124603174603,1.905,0.5097666666666665,47.74550074404762,64,PM2.5
2026-03-25 12:00:00,19.1,57,5.8,43.68637698412698,65.41,72.30359199134199,40.355109126984125,1.91,0.4537198412698412,52.06046387987013,61,PM2.5
2026-03-25 13:00:00,19.4,56,4.0,44.0,66.0,74.0,42.0,2.0,0.3999999999999999,56.7616387310606,61,PM2.5
2026-03-25 14:00:00,19.5,55,7.4,43.0,64.0,77.0,41.0,2.0,0.29999999999999993,61.711706439393936,60,PM2.5
2026-03-25 15:00:00,19.2,57,8.9,46.885805194805194,70.38,72.0835764929515,43.902994320329654,2.0,0.4950000000000001,65.72040350101287,65,PM2.5
2026-03-25 16:00:00,18.4,60,10.6,50.9125,74.575,63.730000000000004,49.0,2.970496031746032,0.6000000000000001,67.75040350101287,70,PM2.5
2026-03-25 17:00:00,17.1,66,12.1,59.635,85.56233928571429,54.36,58.0,3.993327380952381,0.7000000000000001,67.7995761200605,81,PM2.5
2026-03-25 18:00:00,15.4,74,9.7,64.325,94.535,43.31,64.3,3.0,0.8,65.59296228077478,87,PM2.5
2026-03-25 19:00:00,13.7,82,2.4,70.57,103.535,39.945,70.0,3.0,0.8664999999999998,62.091521060536685,94,PM2.5
2026-03-25 20:00:00,12.2,88,0.9,70.85169988344988,102.585,39.505,70.0,3.0,0.806,57.991697061618936,95,PM2.5
2026-03-25 21:00:00,11.1,92,2.5,71.96531994394495,104.89,39.00858008658009,71.0,3.0,0.9799999999999998,53.617769572441446,96,PM2.5
2026-03-25 22:00:00,10.4,96,0.4,73.87753141303142,106.425,37.0153658008658,70.90954193937728,3.0,0.917875,48.61969029754967,99,PM2.5
2026-03-25 23:00:00,10.0,98,3.1,74.12724639249639,108.425,37.04787014374514,71.85031855165388,3.0,1.0929765873015873,44.24022700389888,99,PM2.5
2026-03-26 00:00:00,9.7,100,2.7,75.13449386724386,109.425,36.045814588189586,72.79013540147074,2.705,1.0265,40.77970382742258,100,PM2.5
2026-03-26 01:00:00,9.5,100,5.2,75.79147906260407,110.61407936507936,35.04481458818959,73.7918020681374,2.705,1.1639428571428572,38.365305650946276,101,PM2.5
2026-03-26 02:00:00,9.3,100,7.2,76.78335514485515,110.86030591630592,34.04326696914197,74.7918020681374,2.705,1.1032619047619048,37.20696402208902,102,PM2.5
2026-03-26 03:00:00,9.2,100,9.3,72.24433333333333,105.04663095238095,38.208664682539684,69.42,2.545,1.1342349206349205,36.98992210740648,97,PM2.5
2026-03-26 04:00:00,9.4,100,8.8,71.36540476190476,105.28041666666667,37.778664682539684,70.445,2.61,1.1342349206349205,36.774130192723945,95,PM2.5
2026-03-26 05:00:00,10.0,99,8.5,72.361,105.27674999999999,36.3819623015873,70.445,2.61,1.1342349206349205,36.445802969599846,97,PM2.5
2026-03-26 06:00:00,11.2,92,8.7,71.361,104.27475,37.3838373015873,69.445,2.61,1.0342349206349206,36.49186190719003,95,PM2.5
2026-03-26 07:00:00,12.8,85,10.3,68.37,101.32813095238095,40.015,66.425,2.63,0.933804365079365,36.86275313922189,92,PM2.5
2026-03-26 08:00:00,14.4,78,10.4,64.24314285714286,95.14895238095238,47.48916666666667,61.28785714285714,2.34,0.8334769841269841,38.29317214903153,87,PM2.5
2026-03-26 09:00:00,16.0,71,11.2,58.21791666666667,87.795,53.96453571428572,54.85,1.455,0.7116523809523809,40.65813728979354,79,PM2.5
2026-03-26 10:00:00,17.4,65,10.2,52.14791666666667,79.39969322344322,60.94737896825397,48.61562698412698,1.905,0.6114261904761904,44.02115128968254,71,PM2.5
2026-03-26 11:00:00,18.5,60,9.4,46.31381349206349,71.39073056110556,67.95507142857143,43.8546746031746,1.905,0.5115428571428571,47.739452132936506,64,PM2.5
2026-03-26 12:00:00,19.2,57,8.6,43.68637698412698,65.41,72.30414754689755,40.35940476190476,1.91,0.4533547619047618,52.055137490981245,61,PM2.5
2026-03-26 13:00:00,19.5,56,7.3,44.0,66.0,74.0,42.0,2.0,0.3999999999999999,56.757392203282826,61,PM2.5
2026-03-26 14:00:00,19.6,55,5.2,43.0,64.0,77.0,41.0,2.0,0.29999999999999993,61.70941254058442,60,PM2.5
2026-03-26 15:00:00,19.3,57,2.3,46.895995670995674,70.38,72.04637113580864,43.910970510805846,2.0,0.4950000000000001,65.7133339325605,65,PM2.5
2026-03-26 16:00:00,18.5,60,2.6,50.9125,74.575,63.730000000000004,49.0,2.994327380952381,0.6000000000000001,67.74343809922716,70,PM2.5
2026-03-26 17:00:00,17.2,66,6.2,59.635,85.56133928571428,54.36,58.0,3.994327380952381,0.7000000000000001,67.79287113494145,81,PM2.5
2026-03-26 18:00:00,15.5,74,5.7,64.325,94.535,43.31,64.3,3.0,0.8,65.5881987639097,87,PM2.5
2026-03-26 19:00:00,13.8,82,4.5,70.57,103.535,39.945,70.0,3.0,0.8664999999999998,62.08693983533828,94,PM2.5
2026-03-26 20:00:00,12.3,88,4.9,70.86,102.585,39.505,70.0,3.0,0.806,57.98704639197608,95,PM2.5
2026-03-26 21:00:00,11.2,92,10.6,71.94870797258297,104.89,39.01279437229437,71.0,3.0,0.9799999999999998,53.613645688512875,96,PM2.5
2026-03-26 22:00:00,10.5,96,19.7,73.91397186147186,106.425,37.02473484848485,70.90954193937728,3.004248737373737,0.917875,48.61673754457348,99,PM2.5
2026-03-26 23:00:00,10.1,98,20.6,74.11916946941948,108.425,37.042433635808635,71.85174712308246,3.0,1.0929765873015873,44.24124535707349,99,PM2.5
2026-03-27 00:00:00,9.8,100,18.7,75.12424973637474,109.425,36.05024415168165,72.79156397289931,2.705,1.0265,40.78127587603369,100,PM2.5
2026-03-27 01:00:00,9.6,100,14.7,75.77328721278721,110.6126507936508,35.043981254856256,73.79323063956598,2.705,1.1651196428571429,38.36677353289072,101,PM2.5
2026-03-27 02:00:00,9.4,100,12.8,76.78200044400045,110.85219841269841,34.04426696914197,74.7918020681374,2.705,1.1054529761904763,37.208556904033465,102,PM2.5
2026-03-27 03:00:00,9.3,100,13.6,72.24814285714285,105.06234523809523,38.19342658730159,69.42333333333333,2.545,1.1341531746031746,36.989610227446164,97,PM2.5
2026-03-27 04:00:00,9.5,100,14.0,71.36242857142857,105.28294047619048,37.77080753968254,70.445,2.61,1.134124603174603,36.77283616990648,95,PM2.5
2026-03-27 05:00:00,10.1,99,12.0,72.361,105.27475,36.3769623015873,70.445,2.61,1.1342079365079365,36.4433571610681,97,PM2.5
2026-03-27 06:00:00,11.3,92,9.4,71.361,104.27275,37.38512301587301,69.445,2.61,1.0341246031746032,36.488405681991615,95,PM2.5
2026-03-27 07:00:00,12.9,85,7.9,68.37,101.32075,40.015,66.425,2.63,0.9339162698412699,36.859976477515545,92,PM2.5
2026-03-27 08:00:00,14.5,78,6.9,64.24,95.125,47.49,61.285,2.34,0.8331999999999999,38.28994595855533,87,PM2.5
2026-03-27 09:00:00,16.1,71,5.2,58.21791666666667,87.795,53.96453571428572,54.85,1.455,0.7111095238095237,40.65501526598401,79,PM2.5
2026-03-27 10:00:00,17.5,65,7.6,52.14791666666667,79.36073056110556,60.96291071428571,48.614674603174606,1.905,0.610192857142857,44.01984573412698,71,PM2.5
2026-03-27 11:00:00,18.6,60,6.8,46.31381349206349,71.39073056110556,67.95507142857143,43.8546746031746,1.905,0.5114,47.74005133928571,64,PM2.5
2026-03-27 12:00:00,19.3,57,4.8,43.68988888888889,65.41,72.30819516594516,40.367001984126986,1.91,0.45298095238095226,52.05722479256854,61,PM2.5
2026-03-27 13:00:00,19.6,56,4.5,44.0,66.0,74.0,42.0,2.0,0.3999999999999999,56.76010450487013,61,PM2.5
2026-03-27 14:00:00,19.7,55,7.1,43.0,64.0,77.0,41.0,2.0,0.29999999999999993,61.711964127886006,60,PM2.5
2026-03-27 15:00:00,19.4,57,8.6,46.89716233766234,70.38,72.04443363580863,43.910970510805846,2.0,0.4950000000000001,65.71564333236209,65,PM2.5
2026-03-27 16:00:00,18.6,60,8.5,50.91125,74.575,63.730000000000004,49.0,2.994327380952381,0.6000000000000001,67.74564333236208,70,PM2.5
2026-03-27 17:00:00,17.3,66,11.2,59.635,85.56133928571428,54.36,58.0,3.994327380952381,0.7000000000000001,67.79507636807637,81,PM2.5
2026-03-27 18:00:00,15.6,74,11.8,64.325,94.535,43.31,64.3,3.0,0.8,65.58846252879066,87,PM2.5
2026-03-27 19:00:00,13.9,82,12.8,70.57,103.535,39.945,70.0,3.0,0.8664999999999998,62.087203600219226,94,PM2.5
2026-03-27 20:00:00,12.4,88,12.4,70.86,102.585,39.505,70.0,3.0,0.806,57.98680420447608,95,PM2.5
2026-03-27 21:00:00,11.3,92,12.0,71.97568181818181,104.89,39.0,71.0,3.0,0.9799999999999998,53.61180420447608,96,PM2.5
2026-03-27 22:00:00,10.6,96,11.3,73.91034848484848,106.425,37.0,70.91097051080584,3.0,0.917875,48.61180420447608,99,PM2.5
2026-03-27 23:00:00,10.2,98,10.4,74.12434695859696,108.425,37.04244445831946,71.85174712308246,3.0,1.0929765873015873,44.23655555728993,99,PM2.5
2026-03-28 00:00:00,9.9,100,8.6,75.12843426018426,109.425,36.04017173104673,72.79323063956598,2.705,1.0265,40.775327023670776,100,PM2.5
2026-03-28 01:00:00,9.7,100,4.2,75.78162794150295,110.62,35.04017173104673,73.79323063956598,2.705,1.1619833333333334,38.360348490051614,101,PM2.5
2026-03-28 02:00:00,9.5,100,1.4,76.77541527916527,110.85219841269841,34.04017173104673,74.79323063956598,2.705,1.1024833333333335,37.20161995643245,102,PM2.5
2026-03-28 03:00:00,9.4,100,0.4,72.25131746031747,105.06294047619048,38.22049404761905,69.42333333333333,2.545,1.1324999999999998,36.98605671238484,97,PM2.5
2026-03-28 04:00:00,9.6,100,0.3,71.36635714285714,105.30372619047618,37.79049404761905,70.45033333333333,2.61,1.1324999999999998,36.77174346833722,95,PM2.5
2026-03-28 05:00:00,10.2,99,1.6,72.36242857142857,105.28008333333334,36.407940476190475,70.445,2.61,1.1324999999999998,36.447736027861026,97,PM2.5
2026-03-28 06:00:00,11.4,92,3.1,71.362,104.27275,37.413226190476195,69.445,2.61,1.0325,36.499389301670554,95,PM2.5
2026-03-28 07:00:00,13.0,85,4.2,68.37314285714285,101.32575,40.013999999999996,66.425,2.63,0.9324999999999999,36.87083374438062,92,PM2.5
2026-03-28 08:00:00,14.6,78,2.9,64.24,95.125,47.49,61.285,2.34,0.8325,38.30206227799978,87,PM2.5
2026-03-28 09:00:00,16.2,71,2.9,58.220059523809525,87.795,53.96291071428571,54.85,1.455,0.7094999999999999,40.66740465090465,79,PM2.5
2026-03-28 10:00:00,17.6,65,3.5,52.150059523809524,79.36628413253413,60.96291071428571,48.61689682539682,1.905,0.6094999999999998,44.03274702380952,71,PM2.5
2026-03-28 11:00:00,18.7,60,2.0,46.31809920634921,71.40596667221668,67.95507142857143,43.85749206349206,1.905,0.5094999999999998,47.74956919642857,64,PM2.5
2026-03-28 12:00:00,19.4,57,4.7,43.690424603174606,65.41,72.30025865800866,40.36065476190476,1.91,0.45226666666666654,52.06328977272727,61,PM2.5
2026-03-28 13:00:00,19.7,56,8.3,44.0,66.0,74.0,42.0,2.0,0.3999999999999999,56.76229721320346,61,PM2.5
2026-03-28 14:00:00,19.8,55,10.0,43.0,64.0,77.0,41.0,2.0,0.29999999999999993,61.71064393939394,60,PM2.5
2026-03-28 15:00:00,19.5,57,10.8,46.89842424242424,70.38,72.04600506438007,43.90954193937727,2.0,0.4950000000000001,65.71464457244144,65,PM2.5
2026-03-28 16:00:00,18.7,60,11.8,50.9125,74.575,63.730000000000004,49.0,2.970496031746032,0.6000000000000001,67.74464457244144,70,PM2.5
2026-03-28 17:00:00,17.4,66,11.6,59.635,85.56555357142857,54.36,58.0,3.9816845238095238,0.7000000000000001,67.79428073315573,81,PM2.5
2026-03-28 18:00:00,15.7,74,8.2,64.325,94.535,43.31,64.3,3.0,0.8,65.58766689387002,87,PM2.5
2026-03-28 19:00:00,14.0,82,5.5,70.57,103.535,39.945,70.0,3.0,0.8664999999999998,62.08640796529859,94,PM2.5
2026-03-28 20:00:00,12.5,88,1.0,70.84919988344988,102.585,39.505,70.0,3.0,0.806,57.987000633047515,95,PM2.5
2026-03-28 21:00:00,11.4,92,3.5,71.96424851537351,104.89,39.0067619047619,71.0,3.0,0.9799999999999998,53.61284587114275,96,PM2.5
2026-03-28 22:00:00,10.7,96,1.6,73.91857070707071,106.425,37.00592857142857,70.90954193937728,3.0,0.917875,48.61358694257132,99,PM2.5
2026-03-28 23:00:00,10.3,98,0.8,74.12026270951272,108.425,37.04017173104673,71.85031855165388,3.0,1.0930321428571428,44.23785777590465,99,PM2.5
2026-03-29 00:00:00,10.0,100,0.6,75.12949819624819,109.425,36.04017173104673,72.7918020681374,2.705,1.0265,40.776629242285495,100,PM2.5
2026-03-29 01:00:00,9.8,100,0.3,75.78966518204018,110.61550793650794,35.04881558025308,73.7918020681374,2.705,1.1626488095238094,38.362731189817126,101,PM2.5
2026-03-29 02:00:00,9.6,100,0.2,76.782055000555,110.85303174603175,34.044893953268954,74.7918020681374,2.705,1.103011904761905,37.204592933975746,102,PM2.5
2026-03-29 03:00:00,9.5,100,1.5,72.2445,105.05079761904761,38.212511904761904,69.42,2.545,1.1324999999999998,36.98803192207099,97,PM2.5
2026-03-29 04:00:00,9.7,100,4.4,71.36342857142857,105.27475,37.78836904761905,70.445,2.61,1.13285,36.77345305302337,95,PM2.5
2026-03-29 05:00:00,10.3,99,4.0,72.36414285714285,105.27475,36.397083333333335,70.445,2.61,1.13285,36.4472432315948,97,PM2.5
2026-03-29 06:00:00,11.5,92,3.9,71.36314285714286,104.27275,37.40436904761905,69.445,2.61,1.03285,36.4970482911186,95,PM2.5
2026-03-29 07:00:00,13.1,85,3.6,68.37214285714286,101.32075,40.015,66.425,2.63,0.9329333333333333,36.86890182473776,92,PM2.5
2026-03-29 08:00:00,14.7,78,3.3,64.24314285714286,95.14895238095238,47.49,61.28785714285714,2.34,0.8329333333333333,38.300130358356924,87,PM2.5
2026-03-29 09:00:00,16.3,71,2.7,58.21791666666667,87.795,53.96291071428571,54.85,1.455,0.7096666666666666,40.66439225011101,79,PM2.5
2026-03-29 10:00:00,17.7,65,4.4,52.15500396825397,79.3683257992008,60.96291071428571,48.61689682539682,1.905,0.6096833333333331,44.029144345238095,71,PM2.5
2026-03-29 11:00:00,18.8,60,3.6,46.316670634920634,71.40319683094684,67.9542380952381,43.855468253968255,1.905,0.5095999999999998,47.74686011904762,64,PM2.5
2026-03-29 12:00:00,19.5,57,4.0,43.69887698412698,65.42033333333333,72.30025865800866,40.37286904761905,1.91,0.45251666666666657,52.06084632034632,61,PM2.5
2026-03-29 13:00:00,19.8,56,2.7,44.0,66.0,74.0,42.0,2.0,0.3999999999999999,56.761210903679654,61,PM2.5
2026-03-29 14:00:00,19.9,55,1.8,43.0,64.0,77.0,41.0,2.0,0.29999999999999993,61.71066477272727,60,PM2.5
2026-03-29 15:00:00,19.6,57,2.4,46.89637067099567,70.38,72.04774315961816,43.90882765366299,2.0,0.4950000000000001,65.71475766767955,65,PM2.5
2026-03-29 16:00:00,18.8,60,2.3,50.9125,74.575,63.730000000000004,49.0,2.994327380952381,0.6000000000000001,67.74475766767954,70,PM2.5
2026-03-29 17:00:00,17.5,66,20.3,59.635,85.56133928571428,54.36,58.0,3.994327380952381,0.7000000000000001,67.79439382839382,81,PM2.5
2026-03-29 18:00:00,15.8,74,20.6,64.325,94.535,43.31,64.3,3.0,0.8,65.58777998910811,87,PM2.5
2026-03-29 19:00:00,14.1,82,21.1,70.57,103.535,39.945,70.0,3.0,0.8664999999999998,62.086625227203356,94,PM2.5
2026-03-29 20:00:00,12.6,88,18.4,70.84925,102.585,39.505,70.0,3.0,0.8059166666666667,57.98721789495227,95,PM2.5
2026-03-29 21:00:00,11.5,92,13.1,71.95692424242424,104.89,39.00774675324676,71.0,3.0,0.9799166666666664,53.61318623910812,96,PM2.5
2026-03-29 22:00:00,10.8,96,15.0,73.89211273448774,106.425,37.014746753246754,70.90954193937728,3.0,0.917875,48.61502958326396,99,PM2.5
2026-03-29 23:00:00,10.4,98,10.4,74.10476866189366,108.425,37.08600903263403,71.84694950403484,3.0,1.0929765873015873,44.244812817390944,99,PM2.5
2026-03-30 00:00:00,10.1,100,6.4,75.1336286907537,109.425,36.04514792152292,72.79013540147074,2.705,1.0262937062937063,40.78420630758131,100,PM2.5
2026-03-30 01:00:00,9.9,100,5.9,75.78639624264625,110.6126507936508,35.05164792152292,73.79108778242312,2.705,1.1642025793650794,38.37066229777167,101,PM2.5
2026-03-30 02:00:00,9.7,100,4.6,76.7816126928627,110.85659126984127,34.049396839271836,74.79108778242312,2.7151604645354643,1.104619246031746,37.21308690268065,102,PM2.5
2026-03-30 03:00:00,9.6,100,5.9,72.2435,105.04867857142857,38.20928968253968,69.42,2.545,1.1345015873015873,36.99612311299811,97,PM2.5
2026-03-30 04:00:00,9.8,100,6.1,71.37176388888889,105.31290873015872,37.779289682539684,70.452,2.61,1.1341960317460318,36.780409323315574,95,PM2.5
2026-03-30 05:00:00,10.4,99,7.7,72.36314285714286,105.27441666666667,36.369706349206346,70.445,2.61,1.1346960317460317,36.450654272810525,97,PM2.5
2026-03-30 06:00:00,11.6,92,9.2,71.36846031746032,104.28419444444444,37.37113492063492,69.445,2.61,1.034296031746032,36.495202793734045,95,PM2.5
2026-03-30 07:00:00,13.2,85,9.8,68.37,101.32075,40.015,66.425,2.63,0.934104365079365,36.86132666465479,92,PM2.5
2026-03-30 08:00:00,14.8,78,6.9,64.24,95.125,47.49,61.285,2.34,0.8328769841269841,38.291933174464425,87,PM2.5
2026-03-30 09:00:00,16.4,71,9.7,58.21791666666667,87.795,53.96291071428571,54.85,1.455,0.7109571428571428,40.65584102355977,79,PM2.5
2026-03-30 10:00:00,17.8,65,11.3,52.15667063492064,79.36001627539127,60.95969642857143,48.61134126984127,1.905,0.610742857142857,44.01962847222222,71,PM2.5
2026-03-30 11:00:00,18.9,60,8.7,46.31381349206349,71.39073056110556,67.95507142857143,43.8546746031746,1.905,0.510742857142857,47.73785119047619,64,PM2.5
2026-03-30 12:00:00,19.6,57,5.8,43.68637698412698,65.415,72.29225865800866,40.35952380952381,1.91,0.45319999999999994,52.05197231240981,61,PM2.5
2026-03-30 13:00:00,19.9,56,3.0,44.0,66.0,74.0,42.0,2.0,0.3999999999999999,56.75575901875902,61,PM2.5
2026-03-30 14:00:00,20.0,55,3.2,43.0,64.0,77.0,41.0,2.0,0.29999999999999993,61.70936715367965,60,PM2.5
2026-03-30 15:00:00,19.7,57,6.9,46.89616233766234,70.38,72.04543363580864,43.90954193937727,2.0,0.4950000000000001,65.71317135815573,65,PM2.5
2026-03-30 16:00:00,18.9,60,11.7,50.9125,74.575,63.730000000000004,49.0,2.994327380952381,0.6000000000000001,67.74317135815573,70,PM2.5
2026-03-30 17:00:00,17.6,66,15.0,59.635,85.56133928571428,54.36,58.0,3.994327380952381,0.7000000000000001,67.79280751887002,81,PM2.5
2026-03-30 18:00:00,15.9,74,13.3,64.325,94.535,43.31,64.3,3.0,0.8,65.58659546529859,87,PM2.5
2026-03-30 19:00:00,14.2,82,9.6,70.57,103.535,39.945,70.0,3.0,0.8664999999999998,62.08533653672717,94,PM2.5
2026-03-30 20:00:00,12.7,88,6.0,70.85678571428572,102.585,39.505,70.0,3.0,0.806,57.986929204476084,95,PM2.5
2026-03-30 21:00:00,11.6,92,7.9,71.97211038961039,104.89,39.0,71.0,3.0,0.9799999999999998,53.611929204476084,96,PM2.5
2026-03-30 22:00:00,10.9,96,6.8,73.91472943722944,106.425,37.0,70.91097051080584,3.0,0.917875,48.611929204476084,99,PM2.5
2026-03-30 23:00:00,10.5,98,8.5,74.11413023088024,108.425,37.04017173104673,71.85174712308246,3.0,1.0930321428571428,44.23627146638084,99,PM2.5
2026-03-31 00:00:00,10.2,100,8.5,75.12316903929404,109.425,36.04017173104673,72.79323063956598,2.705,1.0265,40.77504293276168,100,PM2.5
2026-03-31 01:00:00,10.0,100,8.6,75.78054902042402,110.62,35.04017173104673,73.79323063956598,2.705,1.162410119047619,38.36006439914252,101,PM2.5
2026-03-31 02:00:00,9.8,100,8.1,76.77793746531246,110.85219841269841,34.04017173104673,74.79323063956598,2.705,1.10185,37.20133586552336,102,PM2.5
2026-03-31 03:00:00,9.7,100,7.1,72.25326984126984,105.0540753968254,38.233333333333334,69.42366666666666,2.545,1.1324999999999998,36.98737753219003,97,PM2.5
2026-03-31 04:00:00,9.9,100,5.8,71.36242857142857,105.27275,37.80047619047619,70.445,2.61,1.1324999999999998,36.77431205599956,95,PM2.5
2026-03-31 05:00:00,10.5,99,5.4,72.361,105.27275,36.417142857142856,70.445,2.61,1.1324999999999998,36.45145491314241,97,PM2.5
2026-03-31 06:00:00,11.7,92,7.1,71.361,104.27275,37.417142857142856,69.445,2.61,1.0325,36.50359777028527,95,PM2.5
2026-03-31 07:00:00,13.3,85,4.5,68.37,101.32075,40.015,66.425,2.63,0.9324999999999999,36.87545130390443,92,PM2.5
2026-03-31 08:00:00,14.9,78,3.0,64.24,95.125,47.49,61.285,2.34,0.8325,38.30667983752359,87,PM2.5
2026-03-31 09:00:00,16.5,71,1.1,58.21875,87.79722222222222,53.96291071428571,54.852000000000004,1.455,0.7094999999999999,40.67202221042846,79,PM2.5
2026-03-31 10:00:00,17.9,65,2.7,52.15595634920635,79.36699048174049,60.95652976190476,48.61689682539682,1.905,0.6094999999999998,44.03656696428572,71,PM2.5
2026-03-31 11:00:00,19.0,60,1.0,46.32059920634921,71.40435556110556,67.95507142857143,43.85749206349206,1.9038194444444445,0.5094999999999998,47.75178422619048,64,PM2.5
2026-03-31 12:00:00,19.7,57,4.1,43.700091269841266,65.41833333333334,72.28573088023089,40.365702380952385,1.91,0.45226666666666654,52.06244106240982,61,PM2.5
2026-03-31 13:00:00,20.0,56,3.1,44.0,66.0,74.0,42.0,2.0,0.3999999999999999,56.760298205266956,61,PM2.5
2026-03-31 14:00:00,20.1,55,5.4,43.0,64.0,77.0,41.0,2.0,0.29999999999999993,61.7081553481241,60,PM2.5
2026-03-31 15:00:00,19.8,57,6.4,46.895281385281386,70.38,72.04017173104673,43.90954193937727,2.0,0.4950000000000001,65.71130181450494,65,PM2.5
2026-03-31 16:00:00,19.0,60,8.1,50.9125,74.575,63.730000000000004,49.0,2.994327380952381,0.6000000000000001,67.74130181450494,70,PM2.5
2026-03-31 17:00:00,17.7,66,11.8,59.635,85.56217261904762,54.36,58.00029411764706,3.9877321428571433,0.7000000000000001,67.79093797521922,81,PM2.5
2026-03-31 18:00:00,16.0,74,12.6,64.325,94.535,43.31,64.3,3.0,0.8,65.58512175498113,87,PM2.5
2026-03-31 19:00:00,14.3,82,13.3,70.57,103.535,39.945,70.0,3.0,0.8664999999999998,62.08386282640971,94,PM2.5
2026-03-31 20:00:00,12.8,88,7.2,70.86,102.585,39.505,70.0,3.0,0.806,57.98627146638084,95,PM2.5
2026-03-31 21:00:00,11.7,92,5.2,71.96980086580086,104.89,39.00691341991342,71.0,3.0,0.9799999999999998,53.61213564387002,96,PM2.5
2026-03-31 22:00:00,11.0,96,1.3,73.91595959595959,106.425,37.012865800865804,70.90954193937728,3.0,0.917875,48.61374386897825,99,PM2.5
2026-03-31 23:00:00,10.6,98,3.7,74.12020715395715,108.425,37.04017173104673,71.85031855165388,3.0,1.0930321428571428,44.23874386897825,99,PM2.5
